ID,date,meals_served,kitchen_staff,temperature_C,humidity_percent,day_of_week,special_event,past_waste_kg,staff_experience,waste_category,food_waste_kg
0,2022-12-19,196.0,13,27.88727267748186,45.36285390629726,0,0,7.740586989477199,1,0,28.946465336432905
1,2023-11-21,244.0,15,10.317872249672336,64.4304752462708,1,0,42.31177881278629,1,2,51.54905281454645
4,2022-02-01,148.0,16,27.714300115065733,69.04611285352485,1,0,41.18430513351168,0,2,53.008322732556536
5,2023-03-19,157.0,19,19.17390198012001,46.29282284467455,6,0,41.54349249539056,0,2,48.62152711280995
6,2022-07-18,297.0,10,26.375233470802712,79.74106395272946,0,0,26.52509667517501,1,2,44.15698435866615
7,2023-03-02,241.0,18,16.863506350003135,79.2859194985556,3,0,11.834877755148362,1,0,27.393670187103623
8,2022-04-18,443.0,16,19.888627096999212,77.32813583432157,0,0,22.862658782043177,0,3,52.17211773229588
9,2023-12-16,416.0,16,18.559590900838664,75.7865018160785,5,1,34.59944224726701,1,2,72.05240748747588
10,2023-07-07,439.0,18,24.111027266972066,43.395803130311776,4,0,17.45914862714055,2,0,44.28415666965992
11,2023-11-07,267.0,7,25.412493172377086,89.40518256404891,1,0,23.067392475419435,2,1,33.23393011057515
12,2022-06-08,487.0,15,20.96518041223846,53.39234117649265,2,0,41.075793193608725,2,2,61.213325501284864
13,2023-04-21,418.0,13,19.563157006100205,82.53067359315696,4,0,25.043428449760405,1,3,44.93716309238571
15,2022-01-25,376.0,19,10.008312653012236,54.49838056556707,1,0,36.25941977645789,2,2,50.568698570351984
16,2023-09-10,372.0,5,30.2220865409082,63.652467801757055,6,0,49.63501381763712,1,1,60.79622004025845
17,2023-04-29,378.0,12,12.323228609484747,68.06038438267225,5,0,41.14602070991628,1,2,51.05801765836502
18,2024-06-03,265.0,12,15.685237396534474,63.32972544635161,0,0,26.92454031148613,0,2,38.21570049420284
19,2023-10-13,488.69999999999993,8,23.740401092973112,48.59999623030736,4,0,11.255099233958497,2,0,127.43515972323362
20,2022-09-02,283.0,8,18.91830132600004,36.075594876909534,4,1,7.659761939404453,0,0,31.32297930911143
21,2024-04-27,138.0,17,31.11973590715053,67.67960295624589,5,0,21.02418883248897,1,3,29.53986030174638
22,2024-09-09,253.0,17,12.768711132973952,42.3730443050484,0,0,6.584682808648558,1,0,18.665798273669395
23,2024-04-08,152.0,8,32.734754800209906,48.53006544044045,0,0,27.156303658383163,2,1,31.264418840589677
24,2023-07-25,488.69999999999993,11,15.52006574464098,58.40405288969475,1,0,38.87818951469928,0,3,201.3272265452355
25,2022-03-01,439.0,18,13.283378160234452,56.99053247835356,1,0,22.96250575299588,1,0,50.47941710867909
26,2022-10-18,353.0,11,10.437899771551557,70.64323929112301,1,1,17.26927912906181,2,2,45.97954253624569
27,2022-03-12,488.69999999999993,8,18.018568510953187,73.81476882540875,5,0,36.51943096204268,2,2,60.20071926103519
28,2022-12-11,464.0,11,12.722958546168286,58.58900302669756,6,0,23.69813283779297,1,3,45.68508645035617
29,2022-07-04,430.0,18,20.39768415367352,74.99104586618797,0,0,13.973521899134075,2,1,40.633073102672135
30,2022-05-22,354.0,15,24.8694159344234,56.31230931224613,6,0,28.564853722457485,1,2,43.078879896854815
31,2023-01-26,153.0,15,12.80760861028048,48.3682404527756,3,0,18.20906566063972,2,2,27.04674865610133
32,2023-05-07,338.0,8,12.941225711838966,68.06544871719501,6,0,43.68558132861498,1,1,52.31782235802555
33,2024-04-06,358.0,18,11.24605069457354,62.444074027986254,5,0,43.56339866493075,2,1,46.6214473399448
34,2022-04-12,114.0,8,24.75659847214056,38.25142648902092,1,0,25.34389685651147,0,2,23.016291573913
35,2024-01-20,100.0,15,28.90661644728631,30.605436401341485,5,0,15.80987449437735,0,2,20.364564228929552
36,2023-07-06,259.0,5,19.66152102897868,74.34159346727752,3,0,11.18127856859034,1,1,35.73457609874185
37,2022-11-03,174.0,15,17.95278884045299,73.84908172270852,3,0,49.733674459050896,1,3,43.2027326256482
38,2024-09-13,470.0,9,26.29169796766065,84.91543109506938,4,0,29.180322357943155,1,0,57.92568114492289
39,2022-11-18,262.0,13,19.39180629704316,58.00692463387128,4,0,34.51564908942798,1,0,44.54682168878266
40,2024-03-10,218.0,8,22.40415960283049,31.851474258484348,6,0,34.776673046660605,0,0,31.827616080564624
41,2024-01-01,272.0,11,16.947552431221695,32.8584754461904,0,0,30.91036382484852,0,2,39.50264031483726
42,2023-11-09,488.69999999999993,9,11.093390646999238,59.680511375477,3,0,14.92289542114916,1,1,45.20600927495253
43,2023-10-16,280.0,18,20.607422147122204,76.88093043686438,0,1,14.55285387508661,0,1,53.59927450876711
44,2022-03-18,317.0,16,24.068757158584567,50.42435060097388,4,0,46.58484721600757,0,0,55.91331449992199
45,2022-07-12,382.0,12,24.70145945225198,36.94425640072232,1,0,5.655521963807551,1,3,27.94548858041052
46,2022-03-28,289.0,7,29.91994569660069,69.52950420840423,0,0,29.771229969632323,1,2,40.265658444205016
47,2023-04-04,361.0,11,19.0736067961498,63.89906146051521,1,0,29.566558998905,1,2,38.66680034019299
48,2022-02-18,266.0,9,14.396132910443152,72.46129957983712,4,0,39.71804278993194,1,2,39.66096850558484
49,2024-07-07,487.0,6,24.0045564593728,56.94508470065681,6,0,25.590889951269432,0,1,44.274849697036814
50,2022-01-04,206.0,11,15.74021461719661,74.28414740031103,1,0,22.28191872759952,0,2,32.44114132276269
51,2022-11-06,439.0,8,28.810694065389317,72.65308300093915,6,1,30.73051921711912,2,2,63.61488965710212
52,2024-01-14,119.0,19,30.999099507054563,65.4258653893616,6,0,41.554678111117774,1,0,39.23947342293806
53,2024-05-23,351.0,17,17.717468584329882,66.0661617374597,3,0,7.578963950471906,1,0,25.96082788900909
54,2023-02-03,441.0,5,19.019312977765,70.90491864540968,4,0,41.723556905450806,1,2,62.71189112279262
55,2023-09-09,385.0,15,33.57077853533154,57.5158766108304,5,0,8.08918997665425,1,2,31.256635833099743
56,2022-02-19,373.0,10,21.713485419214607,88.36657937352516,5,0,34.33553895031073,0,0,53.95318054042495
57,2022-07-19,236.0,5,34.80333290851681,89.475793604018,1,0,5.945949802679772,2,3,21.233009332422423
58,2023-08-22,326.0,6,19.28521419125352,33.637735563988095,1,0,29.073500303424986,1,1,40.21228889086149
59,2024-08-27,352.0,15,34.49456144636305,49.9820923083239,1,0,14.91435943798854,2,2,37.260332562313856
60,2024-06-01,407.0,14,23.62763820651749,62.86708166299917,5,1,13.270309929855552,1,1,50.64036427126848
62,2023-05-13,188.0,19,22.74310616879245,54.94785004124701,5,0,35.44900856689314,1,3,42.65394571098668
63,2023-08-27,251.0,11,13.730944448754403,43.81505524263088,6,0,17.575038829350618,0,0,29.201816950062387
64,2022-01-11,430.0,16,12.102455611699616,48.89517531677806,1,0,8.646737470927555,0,2,34.957215203516746
65,2024-06-07,205.0,10,23.720966418001467,61.182255773669056,4,0,17.58363433219428,1,2,22.876659936800657
66,2023-11-02,352.0,12,21.858402747655347,54.16586390773512,3,0,42.34195691227782,1,3,52.869761758372256
67,2024-07-26,121.0,15,16.9110422645849,69.89967097426643,4,0,16.290064244034713,1,2,21.77211585097144
68,2024-07-17,259.0,13,21.292420480792067,53.13681077193888,2,0,49.153170145722896,1,1,53.34518577593335
69,2023-07-12,479.0,13,25.48744378518969,62.90292217173924,2,0,19.020728281200302,1,1,47.8477570518841
70,2023-09-29,483.0,11,28.655181437045965,40.56572827983568,4,0,35.33078906977853,2,0,56.61000756531634
73,2024-04-14,177.0,9,19.97090074259324,43.603642939797794,6,0,28.20544479846829,1,3,36.36790404747051
74,2023-08-06,189.0,9,19.67696900839077,73.53763201646495,6,0,38.72205575258702,1,2,41.62210376932863
75,2022-11-30,294.0,9,10.366676426156594,56.4734228193196,2,0,23.55813772105397,0,2,28.10933876263433
77,2022-07-30,195.0,18,19.32121592972336,79.00339215351268,5,0,38.40320921766183,1,0,47.46565108478094
78,2022-01-20,357.0,13,10.4812200812646,81.98319085508052,3,0,26.44075720577298,1,3,45.21106349139713
79,2023-04-03,295.0,11,19.46191058714673,37.79579547214208,0,0,26.854108940042472,2,2,38.94264923547769
80,2022-03-30,312.0,13,32.79590087399778,43.213518082638906,2,0,19.309214810315076,1,2,27.26059322895444
81,2024-05-29,385.0,14,20.449748346762107,57.00699158848866,2,0,10.584831547119984,1,2,28.111738434982996
82,2022-12-17,376.0,13,23.73535596076133,44.42294332196903,5,0,10.786841868224862,1,1,25.890271488423732
83,2022-08-07,485.0,10,24.48537248358752,65.41713257718959,6,0,13.737329107073702,2,2,42.17290474419898
84,2023-02-18,454.0,18,31.73149061627631,64.99544954736693,5,0,46.027664461074906,1,2,64.69057095687299
85,2022-10-05,250.0,8,13.588559050984822,88.24452922063489,2,0,34.13560733354957,1,3,43.9522039028567
86,2024-08-17,418.0,17,31.42184840187735,51.35826194930366,5,0,16.93438416485731,1,2,37.23267617728585
88,2022-08-02,212.0,12,11.728319654665489,81.11047421243686,1,0,22.329617127036336,2,2,32.89399424923122
91,2023-12-05,445.0,19,18.001495813024587,55.88283892644448,1,0,41.91458396662404,0,2,55.890327947261575
92,2022-05-17,200.0,19,11.029587381981791,32.96981120962,1,0,44.54461624068115,1,2,48.46045497764021
93,2022-07-28,473.0,11,25.04638459155021,42.96308190070123,3,0,5.55534707271683,1,2,39.05450728470574
94,2023-06-07,440.0,7,24.326035723271232,71.28266663016083,2,0,33.33327552223667,1,0,50.20667218119864
97,2023-07-23,384.0,17,15.72236512116534,86.24270628985924,6,0,17.662684197747335,2,0,42.926377891912566
98,2022-09-18,425.0,8,12.213889605581034,54.84901345969361,6,0,49.4842994170568,0,3,50.2620951292006
99,2023-04-13,368.0,7,14.261948454347936,36.96136088089016,3,0,7.419754024789252,1,2,11.181281617099684
101,2022-01-31,444.0,5,29.274607313303388,83.93084329081483,0,0,16.55345733393911,1,2,37.41623060587887
102,2023-11-29,374.0,19,15.526584286343212,75.10633038234559,2,0,25.262711772418665,1,0,50.80993790088797
103,2023-03-28,363.0,14,24.820299791335568,58.01807999781664,1,0,40.45865601159192,1,3,47.25970471935827
104,2022-02-24,341.0,8,30.648019144997416,67.28066983521177,3,0,7.164153968541594,1,2,35.82086139163689
105,2022-01-24,291.0,8,14.487433085595836,75.78931747553335,0,1,31.653561697794306,1,1,53.90655832518387
106,2022-01-08,202.0,10,28.73278064679564,31.866935995041462,5,0,22.545488583098628,1,2,35.97056329649056
107,2022-04-24,488.69999999999993,9,32.69546632461601,88.24597238848698,6,0,13.123320277659062,0,2,38.18090522519154
108,2022-04-20,235.0,5,28.047190698173377,70.58558174030354,2,0,23.67321962358562,1,0,37.03081829399744
109,2023-05-22,448.0,7,19.776069076454363,53.68406123068969,0,1,47.02396742808119,0,0,61.496622847680506
110,2024-08-24,107.0,12,28.12963870068477,65.82574621120318,5,0,12.406967316480864,0,2,18.31672505552438
111,2024-08-07,172.0,10,14.221355166942152,43.750317072849725,2,0,49.69693383933859,1,2,39.17646466833136
113,2022-10-03,228.0,7,13.14353779516622,39.0950575721928,0,0,24.667318482898445,0,1,27.862980903179064
114,2023-10-19,488.69999999999993,15,32.47252060015589,81.3124191011022,3,0,27.61095423932445,0,2,56.47127034064352
115,2024-02-24,134.0,6,10.008312653012236,37.79648233607647,5,0,49.35957123135835,0,2,36.16348255236464
116,2024-05-04,405.0,19,18.64801118754236,54.69932762740214,5,0,11.324620759799432,1,0,29.13275037905101
118,2024-03-07,350.0,15,17.486087762297167,37.50751542850482,3,0,25.8891777028457,1,3,33.252813566176215
119,2022-01-29,352.0,12,33.6779718297203,78.44376182039707,5,0,10.38028989884254,1,1,42.43779828553889
120,2023-01-30,273.0,6,24.83846422807868,71.86537656440578,0,0,36.81568824226659,1,3,37.96778910636508
121,2023-05-02,488.69999999999993,12,31.617154800838502,59.91424797034255,1,0,8.688458058964798,1,1,39.02858982092585
122,2023-09-07,454.0,16,12.553738241438452,62.81157845850757,3,0,5.822378137557781,0,2,28.61084982841934
123,2024-05-27,197.0,6,10.550879007437604,84.88386689739022,0,0,45.42598738254494,0,0,43.78961720096392
124,2022-06-24,269.0,16,23.561965892984187,45.40165369860275,4,0,6.084958703390007,0,1,22.433787375131857
125,2024-07-06,107.0,9,33.66594885499018,37.02396248545012,5,0,17.660777983422875,0,2,20.900943296550217
126,2022-02-28,485.0,18,15.751342075785848,68.10534635458313,0,0,17.230393223605812,1,0,39.3342292288104
127,2022-09-23,445.0,9,21.99742703980183,37.80286695066832,4,0,10.163911973622596,0,2,32.13176182051132
129,2024-02-29,355.0,18,28.38764016218844,88.3451999424062,3,0,6.848067775568244,2,2,30.25087654111393
131,2022-04-11,256.0,10,18.148136598801877,57.86599417353257,0,0,44.26947824792249,0,2,53.019181175719616
132,2022-02-16,120.0,13,16.513423318396924,87.97460464240788,2,0,18.413404273617022,1,1,21.20784527390633
133,2022-10-27,307.0,18,33.52188390845162,42.43854019125348,3,1,25.684006882358183,1,2,42.63735985194516
134,2023-09-08,460.0,10,26.46730365518609,40.818476125366686,4,0,45.68609086601858,1,0,52.143235607984685
135,2022-06-28,383.0,9,15.514028123058084,35.53708752439543,1,0,25.669914836024425,1,2,36.52771738022135
136,2024-07-22,104.0,19,14.668082394326037,73.5435546218462,0,0,22.229741627788258,2,1,31.2218609830682
138,2022-05-20,104.0,5,13.105499168201485,47.09448129185765,4,0,21.719593009394348,0,0,24.460260168036346
139,2024-03-14,245.0,17,28.680489693550943,69.90877165430433,3,0,26.811028262133835,1,1,35.34613617702079
140,2022-06-18,426.0,17,20.841383348909723,81.77283017474474,5,0,44.324372998445824,0,2,60.14733985297889
141,2022-03-08,149.0,7,34.11301180675521,47.02970682141122,1,0,45.21358640057602,0,3,39.131939135686665
143,2022-03-09,459.0,19,29.002351960952428,79.47208848522193,2,0,8.358729398574296,1,1,41.905911523427854
144,2022-01-28,121.0,19,29.076915774546176,43.96578882607733,4,0,34.99776881957175,0,0,34.040727008441245
145,2022-01-13,472.0,5,23.996107807720737,70.9001689440972,3,1,48.95574677724138,2,2,74.21989443342866
146,2023-06-16,109.0,13,17.938286196918426,84.36395314118192,4,0,16.503759220791267,1,3,29.94626323403256
147,2022-11-16,488.69999999999993,19,17.929892919134964,33.464463112150426,2,1,20.74344728813845,1,2,246.35916925603053
148,2024-09-11,286.0,17,34.70163916631935,50.01640734174259,2,0,41.09172216272909,1,0,35.99731048490554
149,2024-05-16,328.0,12,25.6106361617932,52.886462484798685,3,0,9.172166486462146,2,3,21.50917831107774
150,2023-07-31,134.0,14,20.11996072713,61.84424131721015,0,0,18.846626602542973,1,2,33.67513914039034
152,2022-10-14,468.0,12,16.382663118210797,79.60889842778514,4,0,32.55240945622426,1,1,55.87701836695389
153,2024-06-30,250.0,17,28.8526920079041,70.32336232513521,6,0,33.05836378283695,1,2,41.59604746806248
154,2022-11-20,268.0,7,26.22686646985983,88.17646361088572,6,0,19.175472823254108,0,2,41.54422259935272
155,2024-06-09,180.0,11,15.653676289748518,66.32896015286428,6,0,37.76055160082888,1,2,39.12607919065812
156,2023-06-21,279.0,8,21.955850576201804,53.85885477552217,2,0,6.497058702621129,2,2,17.85125890637361
157,2023-11-24,400.0,5,17.92306193362362,84.13418420773428,4,0,26.49839568797912,2,3,39.90316811028982
159,2023-06-13,456.0,9,13.479950615438243,31.88530929067637,1,0,46.01816266396329,0,3,58.50068062904648
161,2023-08-09,488.69999999999993,14,13.345093406987218,80.8316663420149,2,0,15.468648727404872,1,2,40.93511002748501
162,2022-01-03,370.0,14,30.498672935202503,64.63498384611678,0,0,41.551615444565385,0,3,61.37539154422557
163,2023-03-22,279.0,12,21.060248412016737,41.3423714836519,2,0,19.567887152469066,2,1,40.34801251669088
165,2023-05-11,217.0,9,18.658044214725088,41.16138000033994,3,0,13.754076492581785,0,3,19.25607904544409
168,2023-07-02,435.0,11,10.008312653012236,40.90435144256778,6,0,41.79305202370188,1,2,49.07073747178846
169,2024-05-08,488.0,18,15.919607732784634,66.3302859969526,2,0,42.64389008424066,2,3,62.424468036902056
170,2023-06-14,122.0,10,32.45654068231765,74.17202550364573,2,0,14.96827724508976,1,3,23.32765332887262
171,2022-12-13,363.0,12,23.165594931723987,33.56829413203685,1,0,15.916021973322133,1,0,35.18432837748322
173,2023-08-07,214.0,13,34.09555688705878,67.18407428598536,0,1,46.30283973920989,0,3,60.76397451235442
174,2023-08-17,348.0,13,30.857584148869183,78.59161124163518,3,0,41.678244530411305,1,2,50.07505369805271
176,2022-11-05,203.0,16,34.83342343396571,81.1534669140932,5,0,37.857805398980446,1,3,44.89588389231312
179,2022-08-20,323.0,11,32.092741741518815,60.70088319489071,5,0,45.62437045840289,2,0,56.33180623621088
180,2023-09-22,488.69999999999993,5,21.265491418243947,59.89416002995638,4,0,38.18344749403758,0,0,50.38993640104335
181,2023-08-25,135.0,13,22.483345874465456,85.83640829079222,4,0,19.43260360069809,1,2,25.41370454316269
182,2023-10-25,320.0,13,16.38533711713049,78.28518731938169,2,0,44.52871383702328,1,0,47.17767974628638
183,2022-01-10,314.0,18,14.665714445931094,36.38062357534648,0,0,11.210696915902329,0,2,29.955870306642534
184,2024-07-04,473.0,8,14.040495282146786,30.12111106489404,3,0,20.177010322440186,1,0,43.03745323751748
185,2022-11-11,252.0,12,29.12977161389461,51.207644432806944,4,0,18.6273450040434,0,1,31.51138400026192
186,2022-04-17,108.0,5,27.01141565898313,56.71476673708729,6,0,25.58493751414497,0,2,21.392611155856557
188,2022-02-25,364.0,18,17.459360774749815,63.55108840975959,4,0,18.30492676722286,1,3,29.33196914104916
189,2022-05-01,127.0,7,22.05890953878979,83.4888009374104,6,0,35.40295893192095,1,0,36.07175708613143
190,2023-01-06,479.0,6,24.523301331569943,42.03906104422568,4,0,12.40792309564272,1,0,38.4445478919622
191,2022-01-26,260.0,10,29.720174546768607,75.55492398365057,2,0,21.410180430545147,0,3,29.89984605409981
192,2022-03-14,205.0,19,28.645925300774103,33.86947627495005,0,0,20.178627641036886,2,1,38.083695122693605
193,2022-01-21,443.0,17,21.03022942812617,42.93179212747991,4,0,19.32368426115563,1,0,39.7642639312095
194,2022-02-14,406.0,10,19.29583823096812,55.28664249475485,0,0,28.56036107884351,2,2,44.61575936451028
195,2022-10-24,198.0,14,29.88775929241008,89.98282824935484,0,0,48.07386335836556,2,3,55.700980384120285
196,2022-11-25,376.0,10,19.51049260581994,59.51586600634374,4,0,26.28623765043593,0,2,45.76870445397509
197,2022-09-05,393.0,14,27.63463985280509,80.50340170468056,0,0,7.113784599416291,1,2,43.23185833057781
198,2022-12-03,275.0,18,26.06439922367974,51.736085225915474,5,0,10.87270518368479,0,2,27.32213577356579
200,2022-12-28,148.0,8,14.928853164321934,61.63357085038801,2,0,10.476288802700251,1,2,33.34149368820972
201,2022-01-02,448.0,16,10.09246361181792,56.13032726388956,6,0,29.89003869762672,1,1,53.20337458100168
202,2024-08-18,147.0,18,12.94109970398313,30.948791773977725,6,1,12.639164062677192,2,1,38.05111009222554
204,2023-01-17,290.0,11,17.38195723050775,78.55099026834186,1,0,39.770194465767496,0,2,42.26575192171533
205,2023-11-26,391.0,13,16.460790507295453,88.46233432075545,6,0,39.55864901278242,1,1,47.67253679890685
206,2023-06-24,349.0,16,11.999134858982549,46.03515778761572,5,0,7.840845914358491,2,1,35.78733656258153
208,2023-09-15,488.69999999999993,14,29.52926059467298,38.21994378322028,4,1,24.266982786355392,1,2,238.8877555088601
209,2022-07-29,259.0,6,25.813513330657653,57.99646708183296,4,0,11.433239492033849,1,1,20.954838339054188
210,2023-07-09,488.69999999999993,12,15.29388376663696,64.23897743285609,6,0,46.88708337455513,1,2,60.22181226454092
212,2023-04-27,216.0,16,16.091417901596664,46.13808189572316,3,0,18.02484027356937,1,1,38.7566175538503
213,2023-03-09,314.0,19,18.52725061185551,47.39820713661654,3,0,37.675006670508665,2,0,47.78017238355224
214,2023-09-19,118.0,12,21.253110810493997,69.5468258681716,1,0,24.739137511072467,1,0,22.847056406590973
215,2022-03-02,191.0,19,31.70135806330732,43.106590972998426,2,0,31.936779833210185,0,1,38.55908133960595
216,2023-09-14,467.0,7,16.326460820019612,70.46093874140814,3,0,13.321413386021495,0,1,41.04812759604783
217,2024-01-26,111.0,12,26.084129497794606,73.90348419385278,4,0,18.56583767564603,1,3,17.1589022243211
218,2022-04-03,466.0,12,10.030795879160648,31.958740652740115,6,0,26.00276421955777,1,1,50.49974022207544
219,2024-06-20,361.0,6,29.674253372941656,55.8224849814476,3,0,45.20321280895942,0,0,53.18131418805862
220,2023-04-08,146.0,17,24.511875167916862,86.57902900896255,5,0,17.316430595526693,0,3,30.276006387000947
221,2023-10-29,338.0,5,21.95638236439809,60.88101702728633,6,0,31.64996296991482,1,2,35.13677188361807
222,2024-09-03,113.0,12,15.243823692092034,60.81666279265947,1,0,43.73005198049983,0,1,30.167843198721684
223,2023-04-23,191.0,9,34.35411571570039,46.70636449502607,6,1,35.71936722698895,2,1,55.45372001762165
224,2022-11-29,234.0,18,21.11048631878004,63.76270194134035,1,0,38.51315275231445,1,1,53.38694800837361
226,2023-12-02,266.0,12,23.94533063777675,38.89067569379673,5,0,42.16734136003632,1,2,49.84778399141293
227,2023-04-10,410.0,5,34.041643398870335,52.63881968437941,0,0,9.387846160874386,1,0,27.074924688144137
228,2022-12-22,416.0,13,20.771552288450835,43.24472930716691,3,0,21.274119267847,0,1,40.84946119758106
229,2022-12-29,116.0,13,21.97958073609,67.95264659794967,3,0,31.464213692245117,2,1,34.63613749773884
230,2022-11-09,211.0,12,12.727740794143743,65.58087002163586,2,0,23.40883168856943,1,0,21.98692898753428
231,2022-11-15,437.0,16,31.94727897603319,62.959348764190445,1,0,47.23991659820175,0,2,64.24751648968683
233,2023-01-16,215.0,13,14.614628238425825,79.31559815639578,0,1,37.5382236222351,2,0,49.325797035214485
234,2022-07-02,439.0,18,14.35483341445634,54.25438377865255,5,0,13.85995422990576,2,1,31.35051086313817
235,2023-12-18,460.0,15,28.954625276913436,83.33324544021778,0,0,46.98304814877023,1,1,65.15092726040436
236,2022-04-21,162.0,14,26.424596439112328,37.90160630832232,3,0,37.87216148670348,0,3,39.83027396080455
237,2023-06-15,349.0,18,30.733310128532093,49.81456676018432,3,0,7.52729044564909,2,2,34.596902201315764
238,2023-01-13,194.0,7,13.080566354304151,34.141772453270974,4,0,8.031959218486659,1,0,10.819047907328834
239,2023-12-15,247.0,13,13.766902692746935,54.0565057483828,4,0,48.54842711751721,1,2,50.448209572698985
240,2024-05-22,291.0,7,18.45657763330871,77.1161286909609,2,1,26.70233000366946,0,1,40.29201360142895
242,2024-01-02,416.0,18,14.848846681694372,73.6049534500918,1,0,43.41445470235004,2,1,64.14145442984353
243,2022-10-20,136.0,14,30.771929783542635,79.8413106312046,3,0,21.74540968587644,1,2,24.740885543984437
244,2023-03-13,285.0,16,32.638119808241846,73.2393087169868,0,0,19.09699144612747,0,2,42.91870707320186
245,2024-04-15,465.0,18,33.06557645219474,82.76046121059169,0,0,27.37642489658951,2,1,54.10106472550138
246,2022-11-04,212.0,16,31.66096668819113,38.87904884195009,4,0,5.498534866743936,1,2,22.75067208176768
247,2022-10-17,403.0,12,19.357419178494816,60.44678196718453,0,0,41.47106977469597,0,3,44.24663631666861
249,2022-08-04,488.69999999999993,11,12.434834813838805,34.656878683886454,3,0,47.85868876984896,1,1,234.78556717889995
250,2023-09-23,332.0,15,32.06148601140249,54.400444199914986,5,0,29.166859163388843,1,2,34.68493313822266
251,2022-10-08,362.0,15,14.059547366558022,58.67270688133455,5,0,35.92830031621329,2,0,48.03801685609985
252,2023-11-05,273.0,11,33.0074295304852,84.08298579851609,6,0,34.85131403066066,2,2,50.764192485014505
253,2023-03-27,200.0,14,16.77868591250462,64.99599106878273,0,0,6.150640959038061,2,2,22.093610708457952
254,2022-10-26,403.0,12,25.015238563655902,79.00541580717169,2,0,34.35237999045726,0,2,54.04547988922963
255,2024-02-25,352.0,11,30.62826669165288,63.60550184660373,6,0,40.60779316235076,2,0,51.04679254827028
256,2022-05-18,230.0,9,26.759636458860307,79.99902428838075,2,1,30.125854177885117,2,2,39.15972278810143
257,2022-11-02,215.0,16,25.12384806726352,57.68673071323876,2,0,39.601402005702575,2,3,47.74392062284833
258,2024-03-18,366.0,13,24.13874912303601,70.26331703159487,0,0,28.911057428871285,1,3,49.18095765616919
260,2023-08-23,276.0,16,16.646278416357838,71.3999842385366,2,0,6.696397621168376,2,2,25.75948013693901
261,2023-08-05,192.0,5,14.42217862859636,42.29887257160898,5,0,15.552476495334218,2,2,26.549289822112016
262,2022-01-30,335.0,12,14.159439673306808,33.545633404695195,6,0,30.768928390201307,1,2,40.60486015932328
263,2022-06-15,135.0,12,21.75456481741663,73.10575378912412,2,0,40.3666374294011,1,0,40.60640321489917
265,2022-11-07,353.0,8,12.262042382176269,84.41656853009003,0,0,24.53234792364305,1,2,43.94120836090968
267,2024-04-23,133.0,16,29.6781650650401,48.7717896513078,1,1,31.27636801675109,2,2,45.61661099759103
268,2022-12-09,137.0,19,32.85591289878675,65.48440556534928,4,0,13.223802469434617,1,2,21.1194770153186
269,2023-08-29,289.0,17,31.616509803510443,54.93853120115434,1,1,44.89261369888561,1,0,51.957958707646426
270,2023-06-11,353.0,8,17.843192279852403,72.56297802524345,6,0,31.21828907181645,2,3,39.05359318769423
271,2022-03-07,180.0,7,31.434002302312464,64.03024679516314,0,0,11.10597430065257,1,2,26.918810911007085
272,2023-09-24,175.0,11,12.642336997656852,87.18120127073395,6,0,42.79989922719545,1,0,41.755480088143145
273,2024-06-10,232.0,5,31.172968202214,61.00739634768949,0,0,41.591644482559325,0,1,40.68199037157513
276,2024-02-10,277.0,19,12.603433948007186,62.54826020775936,5,0,26.932299875241927,1,0,44.94964880301493
277,2022-08-10,200.0,7,26.303081138260943,57.00740167091593,2,0,6.161422678843178,1,2,15.029167728376477
278,2022-08-24,229.0,10,26.734760036484037,75.71440920794493,2,0,31.514657645653497,1,0,45.30635157983909
279,2023-03-06,453.0,5,10.008312653012236,57.79036300508051,0,1,48.43443373455808,1,3,71.75227074576247
281,2023-03-17,249.0,10,24.89376820472392,79.42668540606991,4,0,28.553323328036235,0,2,32.188218295096945
282,2023-08-12,213.0,9,24.553705744499307,88.89919943114687,5,0,33.10987884276726,1,3,45.4967963911774
283,2024-08-30,402.0,5,27.171524941875727,59.61005952926449,4,1,38.829685445734015,0,2,65.84575689369433
284,2022-09-07,424.0,15,31.605404441854223,63.58130669027639,2,0,9.10132877501049,1,1,33.79925610780536
285,2023-08-02,436.0,13,18.85590601111936,68.67547048454063,2,0,8.28516168048323,1,2,44.12403296360917
286,2023-02-14,488.69999999999993,5,13.742599198923944,47.55090546424451,1,0,6.107809272855737,1,1,69.86224757103845
287,2022-03-13,153.0,12,28.110566815352925,65.92849778300948,6,0,39.67012494832954,0,1,39.6657079268582
288,2022-04-05,379.0,7,25.18266120656678,33.88121361090789,1,1,12.472363466669137,1,1,33.99897622608657
290,2023-10-07,488.69999999999993,14,34.78971022175685,53.71235557859821,5,0,6.923282272787812,1,1,32.72761351567675
291,2022-09-17,286.0,12,14.500260936818089,85.53823980152015,5,0,5.999831691151119,1,3,22.55562531294854
292,2022-07-24,333.0,13,30.89995159453024,35.06354283267254,6,0,42.675674819981815,1,0,45.64164987381024
293,2024-03-09,104.0,18,25.938831611755745,50.67624506685358,5,1,26.61324164561101,1,2,37.80635411084179
294,2023-09-13,183.0,8,33.257972120945595,83.8604803606774,2,0,29.191308156165466,1,1,36.35079061729738
295,2023-01-01,257.0,10,25.433793935324356,50.00443932954663,6,0,41.37776970368103,2,2,35.528780533407016
297,2022-03-26,314.0,12,23.2588598432064,77.34965079532388,5,0,18.82575328314742,2,0,32.08983493800963
298,2024-09-21,393.0,9,12.17948669579578,59.96590619201013,5,0,23.106787282511043,0,2,43.74184457732785
299,2022-03-24,403.0,5,13.841450954027817,55.75095560378141,3,0,46.87891143583819,1,3,52.23524727166063
300,2023-06-10,388.0,16,21.983861003446293,80.29592157274229,5,0,48.99154821552695,1,2,55.60326930514261
301,2023-03-16,224.0,18,26.132245938142923,82.91953018329815,3,0,5.306661405505765,0,1,18.671551675118096
302,2023-07-22,143.0,17,25.829740650336603,72.60812590788396,5,0,28.084070741940835,1,2,32.83440122472783
303,2023-07-15,200.0,10,14.26661896374996,62.81779508228329,5,0,5.073969070060236,0,0,17.932966637160305
304,2023-06-27,356.0,14,24.85726876404437,81.42777359137693,1,0,25.30699763329015,2,2,42.54529404897111
306,2022-11-28,488.69999999999993,5,23.64217221238684,61.34664872432786,0,1,19.875245103783087,1,3,50.225013421673104
307,2022-01-06,288.0,5,10.028002787002738,80.62423958440345,3,0,49.4975989125124,0,2,53.115492559605926
309,2022-04-15,444.0,5,13.739516066689143,40.2349146934254,4,0,32.62907553230272,0,2,43.8771704460282
310,2022-04-08,287.0,9,15.638503561093389,71.66702736784254,4,0,9.785178380670224,1,2,22.327731635497035
311,2024-04-12,488.69999999999993,13,15.630592556712244,72.8646458175959,4,0,18.92357576917,2,2,175.50712946254723
312,2024-02-27,181.0,14,19.336564903604337,72.50938184956783,1,0,20.26491342763027,1,3,32.01379114514473
313,2023-03-01,488.69999999999993,17,13.544359838177549,57.236810886501424,2,0,11.811702706847372,1,2,33.49011057841999
314,2024-07-23,191.0,12,12.35090261085666,67.03494125092354,1,0,37.35840292298653,1,0,43.610472526965104
315,2022-10-09,351.0,9,14.708727094140036,61.93545186893857,6,0,48.27271131707746,1,3,53.65759396965824
316,2022-09-24,246.0,17,27.149193399574603,80.12881418293966,5,0,27.068383363348097,0,0,44.27149612194058
317,2023-06-19,199.0,16,26.657672145875992,82.65882117904688,0,0,12.535688503309483,1,0,22.02736833885948
318,2023-03-30,159.0,18,15.770729728850302,86.42691034417035,3,0,17.033687531244844,1,0,24.15673617344304
319,2022-12-26,134.0,7,26.367327035783703,31.8329674256028,0,0,17.399145521338305,0,1,28.518821448840303
320,2023-05-06,100.0,15,11.577725826978757,36.65865147510888,5,1,18.82155416468952,1,2,43.27533953549776
321,2024-09-18,462.0,10,23.13587281364232,82.4233752109335,2,0,43.02368841380456,0,3,62.40306270886595
322,2024-03-27,197.0,11,11.40340258540525,76.93027578547478,2,0,35.002918843591544,0,3,52.83357599233442
323,2022-04-29,330.0,17,24.272612546104103,46.13753674958826,4,0,18.381268908881253,1,2,37.386063510937966
324,2023-09-27,305.0,10,11.195770509852636,57.53780876263792,2,0,49.72027889201775,1,2,49.17632379541488
325,2022-09-08,471.0,14,23.95350623984657,36.315551111820746,3,0,17.865524019704107,1,1,29.23523001760587
327,2023-12-19,100.0,14,28.585594651915237,62.67034614295368,1,0,31.39303014668519,0,0,38.50093835466662
328,2023-12-06,118.0,9,28.82968339783507,73.14959381667413,2,1,30.28387054142833,0,0,37.28427428157324
330,2024-05-09,321.0,17,28.311218295952244,44.82789327968352,3,0,36.69508921807312,1,3,49.193833553221225
331,2022-07-16,488.69999999999993,7,24.943089131396608,74.4588750164747,5,0,23.680622279062447,0,2,181.14232020634785
332,2023-10-15,488.69999999999993,5,11.717820812956694,57.49407902357003,6,0,26.72830734845472,0,1,140.09294353996813
333,2022-03-23,450.0,10,12.279112260154792,47.11742030143898,2,0,33.26537890596073,1,0,41.41139572751132
334,2023-03-24,425.0,11,26.74006540334905,72.90232313104103,4,1,11.442261101503686,2,3,46.67172979068621
335,2023-06-18,424.0,9,30.6300191853892,73.49138995890102,6,0,12.72183651793355,1,0,36.67830715880232
336,2023-10-31,108.0,17,18.055387586115707,45.22926468940169,1,1,13.742310695081065,2,3,26.88003880114452
337,2022-08-28,259.0,9,10.008312653012236,52.73461668352886,6,0,49.28141814256086,0,2,44.95541731160156
338,2023-02-16,346.0,5,13.824595020714067,45.97008075093225,3,0,23.73182513095583,0,1,38.68007153542472
341,2023-06-30,115.0,15,16.94381559373153,52.95481941423813,4,0,26.059120811511956,2,2,29.990518111838615
342,2023-06-04,303.0,14,13.844778741700775,76.92092009597803,6,0,43.81234283307134,0,2,50.95635127596714
343,2022-08-16,229.0,17,24.967849502502688,52.20314008045531,1,0,10.1093289046829,1,2,26.145963479108737
344,2024-07-11,380.0,7,12.353797753142448,30.400927753433265,3,0,25.556801205026083,1,0,32.77750556409924
345,2023-02-09,203.0,10,28.298951689640862,72.6066033853024,3,0,19.38844379334627,1,1,33.74010284642152
346,2024-06-08,150.0,19,25.32250402154873,34.44253307474088,5,0,11.136664736040462,0,2,28.13151835691437
347,2022-06-27,233.0,9,20.081534028095795,69.75987078356133,0,0,13.517764066220424,1,3,27.484251901320704
348,2022-01-07,120.0,11,23.894893817049585,45.23849247432148,4,0,15.157747572760734,0,2,29.371950829934622
350,2023-03-07,421.0,18,10.008312653012236,44.07920650655096,1,0,24.268277294022777,1,2,33.13949371526604
351,2023-06-17,345.0,6,33.81993819003236,46.00051179971865,5,0,28.740364204973893,1,0,52.11980558413495
353,2023-04-24,157.0,7,10.500658898145613,37.77603907172652,0,1,15.603028303624177,0,1,29.62870217289998
354,2023-11-20,441.0,15,22.401195966997165,53.179390384587954,0,1,27.66598741977075,0,2,56.19278606770315
356,2022-06-05,340.0,18,22.02259578622462,57.03582113898804,6,0,19.655816092877892,2,3,44.23563910533809
357,2022-12-24,246.0,14,11.782006751379097,75.75578368165051,5,0,16.41257468868687,1,3,30.55189265016076
358,2023-08-08,204.0,10,16.214506442873553,83.7645067076744,1,0,9.861303087121064,1,1,25.792558646776204
360,2022-11-26,403.0,15,23.71249304128692,48.1468486973628,5,0,6.9491872964440375,2,2,35.982798959573486
361,2023-09-26,383.0,7,21.081827186090457,43.14704876819631,1,0,36.90046007479923,0,2,53.715560879337154
362,2024-04-02,296.0,7,20.87950998138392,63.538838045986445,1,0,20.01474007851617,1,0,29.02433765482486
364,2023-09-04,112.0,14,19.809843038211863,67.25451541306248,0,0,19.664660417710568,1,2,17.80869635513278
365,2022-02-11,343.0,12,19.56984763524677,78.14125974955584,4,0,15.464359922938474,1,2,35.12250024596107
366,2024-01-17,404.0,11,28.738637111722205,73.38769643295325,2,0,30.668427113163872,0,0,45.51292141805697
368,2024-03-20,381.0,16,14.132352774254365,62.95858628880624,2,0,32.591835999635805,1,2,42.13789863938872
369,2023-05-10,225.0,10,19.52273813777468,81.53740112523778,2,0,8.966847116149001,1,1,14.928976606137452
370,2023-07-27,401.0,15,26.39309181404141,70.29853689276179,3,0,44.42866152213002,0,2,54.428789028400345
372,2024-02-02,488.69999999999993,9,10.726784508598843,45.16881636535203,4,0,31.24075205537912,0,0,146.54879911584374
373,2024-08-16,206.0,12,34.19389692758472,31.77024330871236,4,0,14.065876447408982,1,2,33.17869329213691
374,2022-06-13,270.0,7,25.39355054855607,70.47647117497297,0,0,45.27793799830606,0,3,45.55122663876553
375,2022-08-17,488.69999999999993,5,19.91649440858905,31.64521859835946,2,0,46.28943543441851,2,2,274.32878295005906
376,2023-06-08,138.0,11,33.31826851190637,44.513333013248754,3,0,43.85680737661019,1,2,51.63730321018424
377,2024-02-26,488.69999999999993,7,23.00741442296635,76.84391119205407,0,0,32.06228318098535,1,2,48.94411363019948
378,2022-08-01,279.0,12,20.325779366192425,53.243555140119554,0,0,31.910410279793737,0,2,32.46326536709223
379,2024-04-05,457.0,12,25.779266148917657,62.05743311362055,4,0,38.217572174157965,1,0,55.85060923011986
380,2022-03-21,301.0,19,13.981143456981613,61.87899123408354,0,1,18.63578781419135,2,3,45.18306143655384
381,2022-05-29,445.0,19,29.585568148540368,79.09240012489485,6,0,46.21047077543573,1,1,55.65201446440136
382,2022-10-30,153.0,5,24.429630917793705,48.02936313602594,6,0,30.584851502207545,2,2,35.002366055909526
383,2023-03-25,370.0,11,11.748290142735854,65.60914577855608,5,0,34.59722662741791,0,2,40.17273624002512
384,2023-05-17,371.0,14,31.833416543096195,73.8297816575274,2,0,18.854335637346537,1,2,39.73588677886973
385,2023-07-03,346.0,5,10.442195240331433,56.13045752833144,0,1,45.27754717999249,0,3,49.25767946412423
386,2024-04-21,468.0,12,16.892996327388808,60.09092768878403,6,0,13.628129782561992,2,2,37.51097004039587
387,2022-02-13,230.0,17,30.537823685186023,31.0800053367129,6,0,29.797292898271955,1,3,36.81092527098032
388,2023-05-09,195.0,9,18.541862547423023,30.17287509993688,1,0,14.797063084016818,1,2,18.28295061090398
389,2022-05-14,313.0,6,15.021477246557351,65.4520464762625,5,0,31.67469233915832,2,0,41.737492242829056
390,2023-08-18,263.0,19,25.732470150268405,86.84371497518681,4,0,44.4853456971426,0,2,56.42865500191609
392,2023-05-23,346.0,17,22.528824979550244,85.84843783898938,1,1,23.100068068120056,1,2,56.65785032273703
393,2023-10-18,285.0,17,22.86643966433779,75.81474413199436,2,0,42.638941534353776,0,2,52.25791761471604
394,2023-06-01,146.0,9,30.46837510185676,32.58041711201637,3,1,19.674853363065807,2,3,35.63798865170704
395,2024-04-29,349.0,15,13.9095451100862,39.76890298061183,0,0,17.33541637186403,1,3,30.75525793655125
397,2022-01-01,202.0,9,31.97678700570329,66.82664512894195,5,0,45.44545503818065,1,2,39.90111001846277
398,2024-02-22,488.69999999999993,16,28.648130220341866,86.95251761223074,3,0,40.83352985368095,2,0,65.3828108015209
399,2023-01-18,352.0,8,29.83518145369593,83.06545653011862,2,0,37.17047903410912,0,2,51.89996540948298
400,2022-11-13,483.0,14,20.95430866029969,32.278893797391206,6,0,36.53264845779187,0,3,59.7464323522765
401,2024-02-01,472.0,7,10.008312653012236,79.08160494832158,3,0,27.5903688982632,2,3,46.99124467974566
405,2022-01-05,171.0,13,32.4402815020079,78.37175286022745,2,0,34.98205376655673,1,0,33.040577710116835
408,2022-05-06,132.0,14,11.810406803658536,44.33139962411566,4,0,6.888383304963544,2,0,27.580877294803276
409,2023-11-28,351.0,5,25.901769093245623,80.38896972873187,1,0,33.49684407242347,1,3,38.22834940250373
410,2023-05-15,472.0,6,16.99258846178698,52.269696887144505,0,0,23.0806910799241,2,2,47.26385792863484
411,2023-08-20,456.0,15,11.615416996102152,73.49887019544315,6,0,35.22144843225167,1,1,49.08447386007282
412,2024-08-29,306.0,17,13.24566122379294,52.99705437853208,3,0,9.60651880624442,1,0,32.881829624355895
413,2022-04-01,336.0,19,14.63647186691636,74.2539449455696,4,0,20.553124710938068,2,1,42.594171912449845
415,2022-07-01,143.0,15,31.011310156923336,84.0192760844563,4,0,42.59176386279108,1,1,54.33042519963962
416,2022-12-30,271.0,14,14.863958079632525,68.66821662726201,4,1,19.223495772946883,2,2,42.46912685341998
418,2024-01-23,473.0,5,22.55125533721118,33.11405661523854,1,0,8.642918125205966,1,3,30.87745733473239
419,2024-08-20,436.0,7,17.99167081101362,84.67009711080475,1,0,23.861127849892476,2,1,41.17630009025122
421,2022-10-19,239.0,19,16.103682260559356,44.10223288822951,2,0,37.92029538025103,0,2,42.2004241450464
422,2022-05-12,271.0,17,18.052367555483382,56.84808847934747,3,0,28.848665345963926,2,2,42.16060754573266
423,2022-10-28,230.0,6,30.670972092796937,76.94329976760524,4,0,35.40925818028507,2,2,40.820062355471045
424,2023-12-14,157.0,6,22.20985325162349,80.75097302759806,3,0,24.169888376079264,0,1,40.00856514617743
425,2022-11-23,388.0,12,25.24579513746736,35.62034524235461,2,0,42.2374433736053,0,2,56.56163847755517
426,2022-05-25,382.0,10,17.470897158432848,32.66326633025127,2,0,27.612089457211944,1,3,40.79609504108701
428,2024-08-21,125.0,14,34.71039973530191,51.29164984476887,2,1,10.098482197922046,1,0,32.53548134270126
429,2024-06-05,129.0,9,23.56364508488557,64.93099380555539,2,0,16.196856215896936,2,3,21.41751257005324
430,2022-05-16,326.0,5,30.536018200246662,81.24815985903027,0,0,12.74387146036819,1,3,30.03775847772595
432,2023-12-24,488.69999999999993,14,24.429319582188757,31.968577447716505,6,0,26.208872355835453,1,2,251.5389324680473
433,2022-06-14,128.0,5,18.22543594536656,47.8036584662454,1,0,11.711337167288184,2,1,20.46662547745512
435,2023-11-11,221.0,16,24.96328939210914,58.89296041655126,5,0,47.78683969623941,1,2,44.92645765113501
436,2022-07-13,220.0,11,10.734861143912685,39.25929391698476,2,0,16.13298861762556,1,0,27.467650669579225
437,2024-06-21,152.0,6,12.798398175538258,71.74784865932669,4,0,22.452542130699246,1,3,26.745208960661795
438,2024-03-24,414.0,18,27.44176568800188,53.23423627068576,6,0,29.10355252644085,1,2,44.40918621904974
439,2023-03-10,441.0,6,30.46767642798082,63.79733585722888,4,0,21.51326331532402,1,0,35.60992275517077
440,2024-09-14,106.0,14,17.8515198748183,81.58943012347655,5,0,13.63799475480766,1,2,19.1849957995652
441,2022-06-19,286.0,12,11.09154144268403,30.126230590553003,6,0,5.580825259144639,1,2,20.854052816946503
443,2022-05-21,317.0,13,32.40553256712596,57.77111730095103,5,1,32.64800033440957,1,3,46.93456143553215
446,2024-03-31,488.69999999999993,18,21.54332034030956,80.59668545618413,6,0,5.993863038553088,1,0,168.86878807181273
447,2023-06-20,389.0,7,13.044047778131867,32.499409102960946,1,0,25.81670961973189,1,2,48.93141133145401
448,2024-08-19,160.0,17,28.49325830213852,34.62871011237491,0,0,9.303831321067218,1,0,19.108235746527857
449,2024-05-05,367.0,18,17.879738027433973,86.09966591032592,6,1,17.891318198506262,1,0,46.59667959193476
450,2022-03-15,359.0,10,10.008312653012236,82.63436742973202,1,0,47.37095837302702,1,2,70.47233890752912
451,2024-01-08,302.0,12,25.37445600852831,32.724196888121554,0,0,14.31756875223648,1,2,31.78580673014093
452,2023-06-12,321.0,9,25.15927361083439,86.93075734986783,0,1,49.79633685560665,1,2,60.55478273967968
453,2022-08-27,317.0,17,24.697109277759672,61.03436290285991,5,0,47.16175386790125,1,3,46.36845766601047
454,2022-05-26,488.69999999999993,11,33.38004538248649,46.669324366904064,3,0,14.034693864050537,0,3,47.92574398803941
455,2024-05-02,358.0,11,25.492486004985395,53.44092665915635,3,0,40.50602800466604,0,3,60.03989131385495
456,2022-08-23,225.0,17,21.21943934578508,32.68670703028009,1,0,19.86761631495274,0,2,31.77886726915395
458,2022-08-03,417.0,7,20.929134720420663,54.23387185020742,2,0,43.46626004596676,0,3,60.41570084963234
459,2023-12-13,225.0,13,34.12824355317491,84.22545430650854,2,0,15.88271879369089,1,2,20.47811608116601
461,2022-02-17,428.0,5,10.008312653012236,37.64723756537214,3,0,17.50303234429545,1,0,25.346539962409963
462,2024-06-25,142.0,7,22.431398257867205,68.49791452964126,1,0,43.81203298542354,1,2,34.45647907704216
463,2023-12-09,272.0,9,28.19867941826858,49.58030585591924,5,0,32.86256199093763,0,2,39.09620205186671
464,2023-02-27,420.0,5,10.008312653012236,73.18748720128116,0,0,21.82762105155804,0,2,40.89364052229679
465,2022-07-05,227.0,8,31.156132300476237,54.7605195650038,1,0,16.901231750023584,1,2,27.46176944947142
467,2024-02-07,235.0,11,31.856561765255943,54.345070116903656,2,0,14.74606335322584,1,0,27.05645423740519
470,2022-02-26,445.0,15,30.9986791168118,67.69428662779688,5,0,46.96450652086029,2,2,59.80524071793212
471,2023-04-28,417.0,19,26.78896109032593,58.52439647100442,4,0,40.24469545955054,1,2,61.54448440849238
472,2024-01-24,358.0,18,13.117851422784762,41.46712256976016,2,0,44.44762221571512,2,0,58.91165116629695
473,2024-03-04,411.0,17,30.034172895487977,35.89409953134483,0,0,7.812812367968487,2,1,35.1648102824776
474,2023-04-14,469.0,12,10.008312653012236,32.53750495336087,4,0,35.12106429083367,1,2,67.151136112296
475,2024-07-15,254.0,13,29.95860470560821,33.02933666474448,0,0,42.25894085760132,0,2,45.34485117834335
476,2023-03-12,252.0,10,18.43067831888551,85.00750144214011,6,0,14.296145729980138,2,2,20.064183716284045
481,2023-10-30,488.69999999999993,13,32.39536493429705,78.49652637335626,0,0,36.54209142580997,1,2,249.173877572672
482,2022-01-22,393.0,6,30.869366093229228,51.622669195820855,5,0,27.0066098888429,1,3,40.94928373978302
483,2024-09-24,114.0,14,32.63399685694676,77.03924152136133,1,0,11.968590833546958,0,3,29.354234801149428
484,2022-12-05,474.0,10,22.51113272826853,83.66715340945393,0,0,19.278746483921893,0,2,45.318940562583386
485,2022-02-21,188.0,10,12.554840492342976,71.95892250757223,0,0,48.89628627413098,1,2,43.73146373616711
487,2024-05-11,412.0,13,13.19970521333966,35.03517214928576,5,0,38.24345793271687,1,3,54.42268691041567
488,2024-09-16,210.0,19,30.481377621786528,77.24240070030633,0,0,17.219770482986853,2,2,36.39223657498373
489,2023-11-14,128.0,10,23.7522985114539,31.95707690049399,1,1,48.63271725069521,2,3,60.93248672044817
490,2024-09-22,326.0,15,27.97693618384639,62.10153027593597,6,0,18.410308573718996,1,2,37.93917432736183
491,2022-09-22,351.0,12,19.934474711610022,59.27107183154439,3,0,48.34215621792799,1,0,51.94607399547407
492,2023-12-10,240.0,10,12.698592866161608,80.37957934252742,6,0,42.11631265909238,2,1,39.56599547999189
493,2024-02-05,263.0,14,19.691839868759857,50.21788354304739,0,0,19.131971311329465,0,1,35.33297996955335
494,2024-01-07,312.0,7,30.3779596120092,57.797619196367805,6,0,29.547065322267606,0,1,49.73890577263821
496,2023-01-31,379.0,9,29.843596259512907,30.365324894390344,1,0,34.815556298245326,1,2,47.22914499358653
497,2023-07-13,132.0,11,17.433876205920974,82.75530689078307,3,0,43.054408502480406,0,3,43.49902193430917
498,2022-06-26,161.0,7,12.038162238810669,78.0212927414044,6,0,10.719330809829763,1,3,28.268873399801983
499,2022-01-19,488.69999999999993,7,17.08357370663954,50.4228055600005,2,0,19.40122924530764,1,3,172.1555822855819
500,2024-09-06,315.0,15,18.42101254652758,47.48974445542338,4,0,22.73405687485264,1,2,37.11049593565764
501,2023-06-23,488.69999999999993,10,15.813783959134502,57.295133370455225,4,0,23.71376027335764,0,3,55.15664252828528
502,2023-09-06,316.0,6,13.328625104452424,75.65126067086973,2,0,10.484577580162265,1,2,21.439351766877284
503,2023-08-14,475.0,10,14.742371204366927,84.38525783486621,0,0,25.34911155965924,0,1,48.80799660662797
504,2023-01-03,472.0,11,26.752400865273543,61.71468658333183,1,1,18.30864031677593,2,2,53.28216664259303
505,2022-03-25,370.0,18,21.342340865132066,46.06660052930005,4,0,35.42472616164584,1,2,54.09957063564255
506,2022-03-03,466.0,12,34.0809163360033,37.214833590700536,3,0,34.382734616202896,0,3,54.96912120813671
508,2022-09-30,138.0,15,23.04325116590533,62.72286727309815,4,0,10.056401687704351,1,2,20.16181296092941
509,2022-10-13,159.0,14,34.08367082050998,51.371138827055645,3,0,38.28573039933987,1,2,40.61710993168761
510,2022-12-27,291.0,19,19.501862723430133,82.32290030682046,1,0,27.25345063041836,0,2,41.35946784132371
511,2022-12-21,466.0,8,30.559835470426453,88.29198254343532,2,0,37.1486345661724,0,3,57.51177973854366
512,2024-08-09,348.0,16,24.95281573422545,70.24053152293953,4,0,30.408793605329087,1,1,38.96186733709444
513,2022-10-06,397.0,14,33.495494798171045,76.41233349207383,3,0,42.96897697942821,2,0,62.679084972593685
514,2023-01-04,105.0,6,33.24014693554973,77.60364085832086,2,0,16.508466569673516,1,0,31.40019827763192
516,2023-09-11,468.0,7,11.910421485951286,81.83769484410061,0,0,47.812858789059774,0,2,66.9904248323443
517,2023-08-13,174.0,14,27.024370680956117,61.635910854915394,6,0,8.652390100867153,1,0,21.42808367543482
518,2023-10-20,322.0,6,29.562123114098448,66.183858370231,4,0,5.647155619286884,1,2,18.619268425753923
520,2023-04-02,202.0,5,11.308471894662707,79.6028795958611,6,0,31.99855362174797,1,0,33.61210489811654
521,2023-01-29,459.0,16,10.008312653012236,64.62243986771465,6,0,30.08322339413842,0,2,60.69037440873305
522,2023-11-16,438.0,16,14.092095036632536,56.66192095449087,3,0,36.48184398605877,1,1,49.53918175041448
523,2023-12-25,411.0,11,31.928461037785095,68.1625481267981,0,0,26.263194926881336,0,2,46.20074740395693
524,2023-01-11,488.69999999999993,16,30.579350389891506,50.5069442842057,2,0,31.732225950506503,2,2,256.3255236378758
525,2023-02-17,125.0,17,15.88088962004962,31.32161527342902,4,0,21.04570966778686,2,1,19.286385469800813
526,2022-03-16,409.0,6,31.703070337263277,82.63570576957076,2,0,28.837128474876543,0,3,46.709632833074735
527,2024-08-05,488.69999999999993,14,19.07751841585026,56.30309880184568,0,0,15.411093901673404,1,3,167.72347276078136
528,2023-05-16,484.0,11,33.55967547755583,82.18579060090265,1,0,31.00225871801461,0,3,53.37611439523967
529,2023-08-28,250.0,14,13.17999406718624,32.673829406920746,0,0,40.21250649711321,0,0,51.609715000425886
530,2022-04-25,262.0,18,28.107132703160296,45.76053855591911,0,0,16.811176330456902,1,1,30.69250997587629
531,2023-02-22,488.69999999999993,12,17.8067946512199,32.02015069283236,2,0,46.92640881565259,1,0,66.90638706394775
532,2022-03-31,307.0,6,34.18778159034444,59.30247773897632,3,0,31.087902476038643,0,2,49.000917027210384
533,2024-09-17,337.0,15,31.99554784879238,54.68036798994864,1,0,19.229680515349852,1,0,32.96766260645548
534,2024-07-21,376.0,13,14.890231826112876,43.22902160839824,6,0,24.12290835780937,1,2,40.124705966212645
535,2024-05-24,325.0,18,33.675899693468075,89.4217069199023,4,0,12.856543306123388,2,1,40.6093720103473
536,2023-10-23,262.0,6,26.68375995116071,52.61913251557681,0,0,32.266678793641134,1,3,38.90545265324258
537,2022-01-12,187.0,13,18.160839412582327,30.22902804746083,2,0,42.337528984473096,2,2,48.10629775919871
538,2023-02-01,213.0,5,26.165147835571503,36.05647199865129,2,0,41.34730189916658,0,3,36.06435439834711
539,2023-07-30,341.0,9,10.008312653012236,44.34952666693458,6,0,36.7503220242361,2,2,47.53306062630596
540,2022-02-12,419.0,15,11.640653614350324,58.74420378620107,5,0,15.171493855489343,1,0,35.56827613398504
541,2022-06-17,259.0,16,31.79581947432803,73.2836070663773,4,0,20.383127847414144,1,0,36.10476295335495
542,2023-02-21,415.0,15,14.461149130694302,43.15643771543255,1,0,35.62157581359683,1,2,47.94267080358176
543,2024-08-25,212.0,6,18.075279959655347,65.68819288066737,6,0,7.874589534390628,0,2,23.81096928366299
544,2023-03-03,470.0,12,24.92617292239229,63.27944088210573,4,0,19.78511674486093,0,1,39.2634479174479
545,2023-06-29,103.0,12,31.902629814951062,34.58309669948736,3,0,28.85281047732796,1,0,29.56588823148917
546,2024-08-06,400.0,6,32.429658524115474,89.77573719149261,1,0,23.19087389481676,0,1,43.31566368823671
548,2024-06-23,225.0,5,34.45154544933821,35.52571519397414,6,0,37.6113314417821,2,2,35.83680157884877
549,2023-10-24,314.0,9,10.260692484935078,63.119418127243264,1,0,27.666877418783184,0,3,46.04778611530802
550,2022-09-15,300.0,8,26.000074170922844,35.95813216522158,3,0,34.38378148585727,0,1,42.768785120435794
551,2022-12-02,132.0,14,14.211109628567993,85.12408263638264,4,0,28.09287870269161,2,2,28.30851581632198
552,2022-01-16,251.0,13,10.226810116318124,89.50455703007033,6,0,7.961529231075941,1,1,24.31635115807747
553,2023-11-10,382.0,16,12.770199054495176,60.763214868757686,4,0,13.368267840083796,1,2,38.33398806951443
554,2022-11-21,260.0,17,18.20953069712703,86.94672858536643,0,0,15.107109803369818,2,3,30.575653714870235
555,2024-03-28,204.0,8,31.318200496892786,37.462969874479455,3,0,27.99368343702779,0,0,30.46669384699693
556,2022-08-11,212.0,12,17.803701417411176,64.75598122923161,3,0,29.898078783035004,1,2,40.8021964008873
557,2022-06-29,127.0,9,20.45999471669132,65.7792911316221,2,0,38.8457914794607,1,1,34.74902392736851
558,2022-04-10,140.0,14,26.28798667005662,84.64059476610836,6,0,47.34717170172696,1,2,59.1004523269721
559,2023-06-06,317.0,6,33.93307219736468,35.99200926817069,1,0,36.28343597945295,1,1,46.1404537057177
560,2022-01-23,485.0,19,19.80378028612992,34.110324397618776,6,0,43.68003786130716,1,2,59.27451313166337
563,2024-07-16,192.0,7,19.29831669792162,67.64919430705676,1,0,22.00973173817689,1,3,32.16230121701343
564,2024-01-28,323.0,16,15.430227442280264,54.9566342749113,6,0,14.05687046605126,1,2,36.12346061057015
566,2023-03-08,387.0,7,10.39552729413956,48.191643567662766,2,0,33.44086437900964,0,3,43.39204397910037
567,2023-08-19,488.69999999999993,10,14.971406944382398,50.24040846102141,5,0,39.79325755664412,1,3,58.62991168637818
568,2024-06-17,439.0,15,21.50405661221099,40.326636169366665,0,0,41.230258309228,1,2,64.14623086107923
569,2022-07-23,406.0,5,21.64532017550621,56.93118430048249,5,0,17.75138310010032,2,2,28.63989248880968
570,2024-01-31,255.0,6,10.046997088122763,83.76244797943315,2,0,5.17267154785104,1,1,23.42633333540604
571,2022-04-04,152.0,14,10.008312653012236,82.11309037921733,0,0,8.452527208379834,1,1,30.17570890003757
572,2023-08-26,195.0,9,16.65048195013452,59.83874677013834,5,0,30.30932183530644,1,1,38.30562770987711
573,2022-03-10,487.0,12,21.05746905952276,34.454452379303184,3,0,45.84809449298808,2,1,53.02811142358642
574,2024-08-11,220.0,16,19.092328118903502,42.24147994431472,6,0,17.807017203710643,2,3,27.43161176278955
575,2022-10-12,211.0,18,15.864032333370716,80.31295289416968,2,0,33.38228500213681,0,2,35.660235519048264
576,2024-05-15,306.0,15,29.69282538819272,42.32408450868176,2,0,13.679175591032642,0,2,32.57479849268744
577,2023-03-11,150.0,6,25.080485255334303,37.1972215814334,5,0,11.625218348473265,2,2,23.314972141368777
578,2022-06-03,451.0,16,24.93689656579825,70.52521245282534,4,1,19.539486574985176,1,2,40.83410302029882
579,2022-03-17,290.0,8,27.873101005056192,49.82448023254644,3,0,37.95748009688997,0,1,48.023982951476846
580,2024-02-28,470.0,6,13.059418933129448,40.32535375771556,2,0,29.506795191983723,0,2,53.67869683480741
581,2023-08-04,363.0,6,22.04087116337156,76.61568061963354,4,0,36.99504328774151,1,0,44.14709184987851
582,2023-03-23,269.0,17,30.79657783128555,76.98099823900398,3,0,39.43372251894764,1,2,50.1501931840935
583,2022-07-08,289.0,14,29.193097201669502,83.28234386160707,4,0,14.817844831697297,1,2,40.83991087157772
584,2022-09-29,227.0,6,16.35561449743733,89.69147838355929,3,0,31.44636582293957,0,0,36.31985707702058
585,2022-08-25,152.0,13,13.643914206118792,86.79866603961278,3,0,25.44252785554201,1,1,27.79352745942764
586,2023-05-03,228.0,18,25.21216031649478,53.10720719415001,2,0,34.10767530168714,0,3,34.707083245755896
587,2023-07-14,278.0,13,20.75842943772303,70.5348055170156,4,0,16.682147766881535,1,3,32.148650553802
588,2022-04-28,360.0,8,12.569810112316642,89.03041877132627,3,0,44.06761828969268,1,0,52.931599282810026
589,2024-05-30,434.0,13,12.22100612718911,88.6262539830944,3,0,10.463670747723748,2,2,42.26877358808445
590,2023-05-28,284.0,6,23.312029813985653,70.93163283759662,6,0,18.690883872223807,0,3,35.647366340464266
592,2023-10-06,198.0,5,21.54867341677389,71.89866943365436,4,0,39.23986899521793,2,2,37.895126410712464
593,2022-05-07,147.0,9,23.356055149411127,58.17850648084254,5,0,21.364041151375236,0,0,27.76383141098036
594,2022-04-27,478.0,19,13.648051850878636,58.37382796865429,2,0,10.004393630219845,1,3,50.20888551953365
595,2023-04-19,244.0,12,34.5309093586076,38.34695093346525,2,0,12.97072148892143,1,1,28.0095098013163
596,2022-02-02,158.0,7,22.079213010420133,82.4536034483011,2,0,24.16719688101228,1,3,34.50138153432251
597,2022-02-27,152.0,18,29.320569500420117,61.9605532056933,6,0,28.54458747368937,1,2,42.84272292631529
599,2024-09-07,485.0,15,17.41224453208288,76.24455185433311,5,0,43.292835473306,1,3,67.2922693239414
600,2023-01-05,198.0,15,23.306505333476004,89.432761966208,3,0,19.73394314300516,1,1,36.06727131071205
601,2022-09-26,488.69999999999993,8,18.07826642675696,52.48821406690778,0,0,7.293869466009909,0,0,170.5549474346081
603,2022-12-16,325.0,19,19.859133095458755,47.9060947417126,4,0,9.710418674099,2,1,28.308523250011675
604,2022-07-15,332.0,18,25.15471783902929,68.27262555981804,4,0,12.408279271640094,2,1,34.85539944387109
606,2024-06-18,168.0,14,28.73209281739441,85.53133247111285,1,0,11.158032496386056,2,1,23.751921841598627
607,2024-01-16,332.0,8,10.275790356561645,51.7305752879237,1,0,10.016945952745187,1,0,30.401982938361428
608,2024-06-12,487.0,7,13.523990688044233,67.8420282695271,2,0,39.84887725728365,1,1,53.80048111706691
610,2023-03-20,441.0,8,18.5890118693926,54.14679824602014,0,0,42.1345117066834,0,1,58.34171143004316
611,2024-03-03,109.0,17,11.56355567243421,40.81174524768888,6,1,5.901045337948442,1,2,27.969396572762623
612,2022-11-01,260.0,12,13.98218613107013,77.55128351777515,1,0,33.47611747976781,1,2,36.79946502869056
613,2022-12-08,257.0,5,31.179184034314357,66.12701912128676,3,0,36.2307836347584,2,0,34.93707296986269
614,2024-07-25,416.0,9,28.93704711973544,42.88007183835221,3,0,47.470015011576606,0,2,59.60539459385943
616,2022-05-30,141.0,5,25.30644964702895,61.89596787626585,0,0,21.19073420953848,2,2,34.975518090579165
617,2022-05-05,367.0,12,33.53093760580966,84.44280988277082,3,0,14.671243912402364,0,3,33.42661312208679
618,2024-04-26,171.0,9,20.722171971525967,88.91434188459235,4,0,8.7918964770133,1,2,22.70308287551557
619,2024-06-04,434.0,10,20.099446908163703,41.38891817832936,1,0,6.114419490926804,1,2,41.23289697247544
620,2022-02-20,487.0,9,33.607590873945746,79.56234309999431,6,0,42.45877325346137,2,2,51.63918351701324
621,2022-12-20,383.0,14,10.008312653012236,31.84740297962687,1,0,6.391889662710471,2,0,35.35247410335702
622,2024-09-25,291.0,13,28.49178251816909,55.1633767000183,2,0,21.78499260050884,2,3,38.97142653183968
623,2022-05-23,488.69999999999993,19,25.415114546561853,43.11059006124782,0,1,19.360557041920817,2,2,54.47205000458349
624,2023-04-16,205.0,15,30.54516109752717,85.81025792630547,6,0,15.960700663908437,1,0,27.955688633689025
625,2023-02-04,250.0,8,32.64727761969401,36.77589856116068,5,0,5.852543151845956,1,0,24.92227385974448
626,2024-07-18,160.0,6,19.934534762132916,86.17602836479315,3,0,25.981397668752592,1,0,30.967777194653983
627,2022-11-17,409.0,14,31.722515638514277,70.84535357762914,3,0,15.97108719695808,2,1,43.59308945899236
629,2024-06-26,339.0,7,18.49443678904713,72.22753865943045,2,0,19.21987135063523,1,3,33.296391741656024
630,2024-04-30,261.0,16,31.32724058509126,41.2148664365077,1,0,42.24538376515724,1,2,48.30380463938802
631,2024-06-13,237.0,8,26.604697862635437,62.9763761118454,3,0,22.349910398059123,2,3,31.85015942978777
632,2023-02-12,345.0,17,30.23824939421105,81.80404601142011,6,0,5.041823759148248,1,0,33.8274408115371
634,2023-11-25,231.0,14,31.981716499945957,82.64133673231561,5,0,26.517151560012984,1,2,46.31842087134507
635,2022-02-08,150.0,14,21.14895767525804,52.896716392032005,1,0,18.83884079707053,0,3,24.44965456041181
636,2022-06-25,144.0,18,22.33192116959499,69.91752611868331,5,0,10.240651871677064,2,2,28.962394104348828
637,2022-09-03,222.0,10,23.337798132492388,80.82836938162711,5,0,36.08268418009684,0,2,45.32956183205568
638,2024-06-11,384.0,13,20.715763674261893,74.4096821256878,1,0,16.586553926467616,1,3,30.53759908593107
639,2023-12-23,290.0,19,12.343923016138916,65.62814884857693,5,1,13.692200378379471,0,3,46.06310463655162
640,2024-08-01,445.0,10,21.190073508005423,78.43135912747128,3,0,34.42040380060077,0,3,53.48801722590407
641,2024-07-13,451.0,16,17.060772467162792,67.51228617182653,5,0,10.140671236612812,1,2,35.60112292648284
642,2022-06-04,330.0,6,29.59581383547155,32.69121408141412,5,0,49.44872925946349,1,2,54.95922069489514
643,2023-10-01,438.0,12,30.05326395318969,30.781774065425022,6,0,46.21134125078025,1,0,50.01830836805584
644,2022-10-15,101.0,10,26.54080875927867,72.5408234572219,5,0,5.7504116070427616,0,2,16.566751782132215
645,2023-09-18,286.0,15,10.008312653012236,53.51149778454473,0,0,21.34727583795048,2,0,34.982513272835654
647,2023-07-24,488.69999999999993,6,15.816138464067024,66.19750834289658,0,0,42.00026506596547,2,1,62.70996773341118
648,2024-03-12,473.0,18,27.147781776246596,38.53022680223373,1,0,10.077943423262964,2,3,38.846223448220215
650,2022-05-08,161.0,11,32.06333714549,57.0279180994691,6,0,9.43674036088714,1,2,17.199561537947268
651,2022-11-19,307.0,10,17.421731864007022,32.0676755655,5,0,13.946632742183132,0,0,33.21430954232683
652,2022-09-13,243.0,19,15.778272810691163,61.9147623914558,1,0,39.46872086848306,2,0,47.65382663172371
653,2024-03-01,296.0,15,15.896439978592175,56.92881874479636,4,0,38.51712839884609,1,3,47.09772643098356
655,2022-07-10,484.0,6,23.58251308408221,60.129216597719214,6,0,25.97523316963201,0,3,47.3905283958085
656,2022-04-26,388.0,15,28.72904097753208,46.29412588506239,1,0,28.63662884517125,2,0,43.34716212732006
658,2023-08-30,323.0,5,16.08694921012168,48.11500200465011,2,0,22.93891223958788,1,3,42.11775422243314
659,2022-06-30,207.0,7,15.089457008556067,62.975019403328616,3,0,45.74924770680055,1,3,46.36652962334666
660,2022-10-29,251.0,13,26.67428792477268,74.0746753872848,5,0,32.83746300922726,1,2,45.0669892006072
661,2024-04-09,264.0,6,29.50532658575256,58.935861675131534,1,0,36.538956460644286,0,3,44.81123862378257
662,2024-06-19,133.0,7,17.264688995158878,34.10004629073625,2,0,8.137374162517826,2,1,20.0748656067004
663,2024-02-20,319.0,17,13.724993403731087,58.91204875647699,1,0,19.04863477038746,1,1,29.389676945212145
664,2024-01-10,328.0,15,19.381497611066656,85.86059825311798,2,1,15.421956114375453,2,1,42.09719728374481
666,2023-06-02,193.0,8,18.06319944616038,70.0119996330553,4,0,8.191218176959065,1,0,31.05819903151794
667,2023-01-08,136.0,5,27.940894647715737,35.38872925696644,6,0,40.58109958550755,0,2,31.934274118320666
668,2022-02-15,234.0,9,30.469641083927343,31.63050096545065,1,0,17.701811168581976,0,0,35.34209405578293
669,2024-09-04,127.0,16,19.47567815547744,45.20143020357968,2,0,36.27132709016784,2,0,36.79611132796196
671,2024-03-13,164.0,5,34.77816079553259,42.803600878541374,2,0,31.839527958154697,2,0,30.723275078314938
672,2022-06-21,185.0,13,10.521528482288453,79.77525341191502,1,0,30.510175831229123,1,2,42.843562459021314
674,2023-05-27,185.0,16,26.85759516022621,33.1319177426983,5,0,11.38974167084381,1,3,23.26068621846609
676,2022-07-11,476.0,12,22.849896695218124,38.33227958379102,0,0,25.042393669004248,2,2,45.92131478268247
677,2024-06-24,334.0,12,29.849742909200152,63.202740967602445,0,0,42.63870184609355,1,1,50.0905017840941
678,2023-05-31,168.0,19,15.299562272555963,35.12048018905949,2,0,18.78354485993919,1,3,35.3277662869323
680,2024-01-11,263.0,11,23.467391683575972,53.50943779701,3,0,43.20157412642328,1,2,44.1989861852648
681,2023-04-26,328.0,5,29.21499511971271,86.63893832179258,2,1,44.20632323293937,0,1,57.06939004175962
683,2024-02-14,140.0,17,22.16494155609383,75.22978203415312,2,0,42.32233175640685,0,0,45.63730436819447
684,2023-12-08,225.0,11,23.48890551238763,55.6501098796867,4,0,46.68387246145382,1,2,44.27071902428671
686,2022-01-27,413.0,6,14.343836882689171,84.21647066080772,3,0,38.23276453297334,1,0,51.13027259648881
688,2023-03-14,162.0,5,29.315568186234565,54.08673785479162,1,1,33.62307891585016,1,2,52.61739096948755
690,2022-12-31,319.0,15,14.158290193578557,79.18786829908365,5,0,33.21357955379224,1,3,53.13171735963514
691,2022-08-18,153.0,8,15.925696427708404,53.578453520717474,3,0,40.001506000630286,0,0,36.60976072774791
692,2022-02-07,274.0,8,26.90130642966886,43.60382297541064,0,0,39.53744737658175,1,0,49.14366793128884
693,2023-11-01,173.0,15,13.13083926082068,44.74844635836918,2,0,25.124046449739712,2,0,39.99950516248747
694,2022-02-04,287.0,13,11.611590560955934,40.14486422135956,4,0,9.16251970725337,0,0,22.98692077983161
695,2023-01-10,448.0,15,34.41813096656448,32.64971617066988,1,0,24.619783125676364,2,1,40.023239995528414
696,2023-04-15,223.0,11,20.567227834904735,63.87774305983579,5,0,15.407596774217996,1,3,24.951914371248503
697,2022-02-05,370.0,9,31.145476340003132,53.38556324558952,5,0,40.115653823307134,1,1,53.440622009713785
698,2023-11-19,420.0,16,26.89955688965889,89.54653736248673,6,0,36.76803064610032,2,0,51.13186182269904
700,2024-01-29,371.0,16,13.445572478980884,75.54413635550254,0,0,45.06064798080969,0,3,56.20248094010072
703,2024-07-09,487.0,13,23.94951846956599,42.785100521088495,1,0,40.23501041062409,1,3,54.59807315308768
704,2024-07-19,221.0,16,12.33519929938239,62.51940449338596,4,0,40.637103033369385,1,3,35.26192923315782
705,2023-05-19,291.0,5,29.65689891892736,77.77443573377126,4,0,40.68783627667951,2,2,48.43122661388152
706,2022-02-06,289.0,10,35.11676371188213,52.77017420248312,6,0,35.31657800939704,0,1,44.97120795281349
707,2024-06-14,488.69999999999993,14,15.402261329632688,71.38673095488727,4,0,27.80086058843013,2,2,205.02305074269
708,2023-08-03,189.0,10,23.137615549216,63.67761257690417,3,0,38.48128611564545,1,2,39.59379580090337
709,2022-06-10,330.0,6,24.83196620775447,82.93551336569087,4,0,24.01952152050313,2,2,41.49873003619349
710,2023-11-12,293.0,7,12.375292474807615,68.12661873957136,6,0,14.445393331380382,1,2,21.31658594169797
711,2022-06-12,242.0,7,21.981973214407184,45.49039525147016,6,0,5.4722138512975,1,3,27.739594658424892
712,2023-12-07,138.0,5,16.733282457550626,63.7994785219828,3,0,35.21327326896816,2,1,29.439951281926007
713,2024-01-27,429.0,7,29.509994403681866,68.43813556815519,5,0,31.971784679239384,1,2,47.23485390110691
715,2024-03-11,388.0,17,14.45631167261604,33.113717971104656,0,0,14.86067291018604,1,0,29.67590590798278
716,2024-01-25,243.0,19,19.634397076184044,48.6050723005653,3,0,37.79914120197535,1,2,47.99190950936404
717,2024-03-25,382.0,13,33.24042307189211,84.39433264032976,0,0,32.82308594396546,2,1,52.33876215983008
718,2022-04-22,238.0,18,28.926481690280585,44.051066808929136,4,0,11.090994573797785,0,3,33.7421835291834
720,2024-06-02,348.0,7,34.51292055002765,88.73745042246625,6,0,19.77734748274724,1,0,43.31353963662757
721,2022-04-14,164.0,8,34.6087851850726,39.88948052080572,3,0,5.0083937676798405,1,1,13.9607021146352
723,2023-02-24,135.0,18,15.15465411296066,54.96728568426554,4,0,41.16898562052932,2,0,40.400829953870485
724,2024-03-19,440.0,12,34.49116787584708,56.11945328731417,1,0,22.809995584719385,0,2,43.30844444240998
725,2023-08-10,295.0,16,20.464515540598384,48.9088223479532,3,0,38.7617357339292,2,2,48.27761435066501
728,2022-04-30,140.0,15,10.4591909235135,54.41831457805584,5,0,12.314209436091854,1,2,27.065493186452
729,2022-02-23,113.0,11,23.17560240529655,88.90792159563766,2,0,8.001224663245198,1,2,20.221548401986887
730,2022-06-01,278.0,18,26.520502957481263,64.4867732558649,2,0,13.783872405734714,1,3,40.81646090811424
731,2023-02-08,372.0,10,17.551512545869876,38.71179077307961,2,0,33.7319953159611,0,1,54.64554559061014
733,2022-07-27,414.0,19,20.132754577143587,78.48135779439318,2,0,33.139848186690486,2,0,52.44275056642469
734,2023-10-21,221.0,13,15.69606043857775,80.12446985052756,5,0,41.13415855890968,0,1,45.11368986323743
736,2024-09-05,177.0,5,34.33643474940433,89.25957554047511,3,1,5.474800510258543,1,1,21.56554549366156
738,2024-05-19,165.0,19,13.624126809495426,74.00920478952622,6,0,9.56209291114386,0,1,34.46968384941936
740,2023-03-29,152.0,7,27.00329827758629,50.42224477834576,2,0,45.64616472928088,1,3,42.11801989845912
741,2023-10-14,138.0,15,30.763361410121,43.92238973406636,5,0,24.80319837799243,1,2,28.31001238706561
742,2022-09-11,488.69999999999993,10,34.66732450892904,43.70920480528625,6,0,7.493714979900999,1,0,42.15829085544519
743,2022-10-31,219.0,19,18.714341681049262,49.549387053866994,0,0,7.662968233859382,0,3,31.955215407462436
744,2024-06-29,348.0,12,28.96062544672778,57.04118849633478,5,0,7.234767115687349,1,2,29.42935627216665
745,2023-07-26,194.0,9,14.343814891557365,33.58298933825336,2,0,37.9786634299324,1,3,42.908674450585394
746,2023-09-16,441.0,17,30.6283048982176,89.69888215950559,5,0,7.764130816692471,1,0,41.6100412242775
747,2024-02-04,447.0,12,10.008312653012236,37.52138854754314,6,0,7.453036734702183,1,2,37.22588760016535
748,2024-09-19,488.69999999999993,16,16.10849851966165,68.27725576108432,3,0,26.434505849310696,1,0,185.69433254181237
749,2022-09-20,358.0,19,24.61676751106472,48.79237566421044,1,0,48.55112319418183,1,1,58.700088038759375
752,2023-02-19,405.0,11,21.822299140829557,80.53384478063688,6,0,6.813002558054395,1,2,40.36216505308717
753,2022-05-31,479.0,9,22.10996118935101,82.7917606416696,1,0,18.813752699405818,2,3,42.23319998951513
754,2024-04-28,253.0,9,16.703475502387835,44.85060438842471,6,0,35.617298619313495,0,1,46.05697815501792
755,2023-10-03,243.0,10,10.88927167588871,79.76349761751075,1,0,17.76235655377113,2,1,20.835739174543814
756,2024-08-14,155.0,5,17.82904987043206,33.001114609266736,2,0,35.83285309750012,0,1,38.640989924861
757,2023-07-05,483.0,7,19.119955478613235,50.50822232953095,2,0,35.30959601591259,0,2,52.26367027930706
758,2024-05-01,217.0,10,11.162514661001635,31.187739500835264,2,0,38.29405219701816,0,3,36.07514419765052
759,2023-05-04,157.0,12,22.670960795512062,81.9492099133413,3,0,33.12408867692159,1,2,43.102347038498095
760,2023-12-12,319.0,12,12.296772192751115,55.806172591788005,1,0,29.83713624772099,1,2,35.34865767771876
761,2022-05-28,114.0,18,25.632616505348693,47.073738105773856,5,0,40.6134387728139,1,1,49.26726747355824
762,2022-05-27,306.0,7,33.68376156577597,79.00093052704308,4,0,19.17546675695292,2,3,36.61806785329181
763,2024-02-17,244.0,17,10.57332028170105,61.055778078931326,5,0,29.91013396980611,1,2,33.49878087126129
765,2024-05-03,478.0,12,24.04982118667017,41.48566082997255,4,0,10.359794114452232,1,3,44.47820964210439
766,2024-08-08,381.0,9,22.676277596636027,62.81255795256268,3,0,44.085066271225735,0,1,61.47164287774171
767,2023-10-22,232.0,14,34.39977123996981,77.06525148020506,6,0,49.13572124365632,1,1,44.34609102083271
769,2023-04-09,454.0,12,12.219184852694212,55.343071331058354,6,0,46.03183829087413,0,0,58.63395686082685
770,2022-11-22,167.0,18,25.755218708228604,60.774144968831855,1,0,8.111910547332556,1,2,19.702327331378385
771,2022-07-06,447.0,13,25.719120455148627,68.76577050030377,2,0,27.65961416803488,0,1,48.45205936270791
772,2022-05-04,427.0,6,29.3951183948239,66.24430062427315,2,0,36.41892938044249,1,0,48.88488574689809
773,2024-07-08,459.0,15,28.76823767498368,66.73548904571068,0,0,26.392363490996708,1,0,54.245769761141645
774,2023-09-01,367.0,9,30.267148199656656,51.25606589046279,4,0,17.018375335534955,2,0,34.40843663602788
775,2022-05-24,458.0,12,25.323604371640148,53.80781082517899,1,0,26.146191741511792,1,2,51.797708633708375
776,2024-01-22,153.0,11,21.75797635254464,82.96406284040532,0,0,17.70655635691953,1,2,23.562718453819716
778,2022-07-17,458.0,17,29.82390236514079,61.79949137558512,6,0,5.644890764015057,1,0,35.47048980696812
781,2022-10-21,259.0,18,31.61522089887592,62.68965945271121,4,0,28.48479476710744,1,1,45.02294444071185
782,2024-06-15,429.0,5,12.439062755982494,38.63651481433385,5,0,43.52004837019187,0,2,55.86183591998376
783,2023-02-05,226.0,13,29.24861750629197,80.52446624391476,6,1,38.11630790983949,1,2,56.36772278467056
784,2022-05-03,300.0,10,18.650414191120987,32.38595789931417,1,0,32.89858541933739,1,2,39.363101762174665
785,2022-07-03,385.0,14,34.019513787174425,49.26486582522301,6,0,24.851774850378455,1,2,44.72746940426555
786,2022-07-22,324.0,19,19.596178796694907,61.9495619662288,4,0,40.448398473606645,1,2,48.01682078187979
787,2023-03-15,289.0,6,16.622386180918333,39.51744867158268,2,1,22.922624709007447,0,2,55.40461127186045
788,2022-09-04,354.0,6,29.54475824612573,61.86512069311457,6,0,37.79538000154592,2,2,51.35502788217421
790,2024-04-16,100.0,19,21.80151085492496,78.5273990738123,1,0,13.02872434535731,0,3,25.528963152127705
791,2024-04-04,232.0,18,27.650475191600616,72.37159097780152,3,0,11.22656903996855,1,2,28.1773393440196
792,2024-09-01,155.0,12,10.734103977559808,77.20617020142764,6,0,38.45458282802875,0,1,38.31161084839796
794,2024-08-12,313.0,9,28.31588086752082,69.23964554038807,0,0,28.274424246208824,0,3,41.919807974869975
795,2022-05-10,392.0,16,30.612851172420847,67.35118174378471,1,0,16.441755415018903,1,1,37.44362806812546
796,2023-09-30,151.0,19,26.47588835509202,42.83742232129421,5,0,42.99416888685721,1,3,51.28765189113656
797,2023-02-07,485.0,8,16.39112494523181,58.69559305171341,1,0,10.98176192185922,0,1,35.68984150664048
798,2024-04-24,447.0,15,34.3708663195278,86.11782591271967,2,0,14.314712056027618,1,0,44.06534191733787
799,2024-04-10,301.0,18,10.175730095340478,37.10954152610404,2,0,43.49980055461426,2,3,52.1594636298296
800,2024-01-06,488.69999999999993,13,28.55870126431273,60.939564351387205,5,0,14.096722965137184,0,3,236.740804082432
801,2024-09-08,464.0,13,32.95519999056938,55.64973902140555,6,0,20.56364860888712,2,2,39.74884586230344
803,2023-10-04,472.0,9,22.71448223618946,73.92735641057735,2,0,19.68269682060259,2,1,40.68538814478501
804,2024-09-10,113.0,15,28.989560252865797,77.98312583789166,1,1,38.57808373485226,1,2,53.279633705163626
805,2024-03-21,162.0,19,27.506298986113027,48.71904121958511,3,0,41.25209984466073,2,3,42.44814334712834
806,2024-05-17,440.0,8,22.362028282377324,88.92297222095775,4,0,28.950029368528725,1,1,49.70735267877991
807,2024-09-15,102.0,8,16.35804952945792,32.10047488840834,6,0,37.36554885698661,0,2,27.93895927596876
808,2023-09-17,488.69999999999993,9,22.386302586524543,61.633959645234754,6,0,15.076606450846528,1,2,41.84589475390195
809,2024-06-22,304.0,18,18.89933434487132,57.48133270009552,5,0,17.95458551313564,1,1,36.33703728869845
810,2024-03-30,484.0,5,19.422854118409298,66.95471494060328,5,0,7.420188387982005,2,2,41.25908194110553
811,2023-01-22,227.0,5,12.175974064691466,73.38896918787776,6,0,32.21777432131616,1,0,34.23489537377474
813,2024-03-17,276.0,16,15.073409189372557,75.88314848857675,6,0,9.775651347094795,1,3,27.55105051255697
814,2023-05-25,253.0,8,23.49331546899857,74.22579302592308,3,0,36.75359283660417,1,2,51.02067059490352
815,2022-09-25,247.0,19,10.008312653012236,52.22381917651839,6,1,12.62768413397264,0,0,42.5817282173251
816,2024-05-31,446.0,5,27.093852639426064,36.18728174448455,4,0,37.450956081057065,1,0,46.16071856272219
817,2023-03-18,413.0,7,20.029697850974568,73.30329316303076,5,0,46.4681026358338,0,2,59.76235619601293
818,2023-05-12,147.0,18,15.97638330493164,63.124161879202674,4,0,41.92484626650735,1,2,34.490745813410804
819,2022-04-23,180.0,10,33.81621595096793,77.20502010926621,5,0,13.893764926600856,2,2,26.38852991430539
820,2023-11-23,316.0,17,26.78637337236608,80.83630006331157,3,0,32.910860942101046,0,0,45.702422255729424
821,2022-08-21,324.0,15,21.05060934457144,39.93770082169592,6,0,28.620499402662723,1,2,50.54387461927454
822,2024-07-24,269.0,13,18.91677435354412,74.36449378987871,2,0,29.638304782699752,0,1,38.457014258753055
824,2023-11-03,329.0,14,12.84891586785793,83.67856785465807,4,0,34.462640682429935,0,3,53.21618977234384
825,2023-01-09,379.0,15,10.008312653012236,30.139052874288836,0,0,22.312965942835024,0,0,45.17859439882015
826,2023-10-26,334.0,13,16.517832497997915,32.76340405139738,3,0,47.863255535806935,1,0,44.2758108251147
827,2024-06-27,470.0,10,31.803392500561912,52.39558886776554,3,0,43.34955760407533,1,0,55.97651862079997
828,2022-08-22,484.0,8,18.272234074729298,68.74443060573674,0,0,25.303693615282565,0,3,48.04797046461184
829,2022-01-15,488.69999999999993,8,19.261091141805583,69.31694458149948,5,0,8.944242628759397,0,2,170.34777416172813
830,2024-04-25,194.0,14,19.28017734724996,81.04081563629077,3,0,43.31325865511633,1,3,41.14693013822528
831,2023-11-08,269.0,6,13.915960924345208,87.29081958230809,2,0,40.69078420833754,0,1,34.84305024107918
832,2022-11-14,465.0,5,32.53439123971111,74.75160231762072,0,1,31.50590409414102,1,2,55.95444716180847
833,2023-10-11,250.0,7,18.87103400642226,81.25331438045208,2,0,26.44369118745068,0,2,33.88575429621124
835,2024-08-23,356.0,12,13.060847458973528,42.92066288295316,4,0,29.629610795276875,0,3,38.24300544431093
836,2023-12-11,341.0,10,27.132450402896836,38.62886101888883,0,0,35.99647266154942,2,0,47.765151636004006
837,2022-12-25,103.0,13,33.866500750832685,85.75544388043376,6,0,33.89389283085796,0,0,40.969616289130336
838,2022-09-16,223.0,17,15.617529424317,42.5318442423444,4,0,31.08285937526615,0,2,42.12533495747312
839,2024-01-15,146.0,18,30.81701173367608,33.67985733859696,0,0,20.42775341624528,1,1,32.817866473123466
840,2023-09-20,276.0,15,15.674117359134105,36.533598838862346,2,0,48.987331619400194,0,1,51.83170663911999
841,2023-09-25,364.0,12,34.70688177500328,61.3523830039232,0,0,20.269527604507,1,2,48.04887711443829
842,2022-10-10,243.0,8,28.27073687177191,40.10021735514781,0,0,37.86095004610406,1,2,43.91170488567292
843,2023-01-12,280.0,15,23.06202601290296,67.97437984070605,3,0,31.534407281819643,1,3,43.303637667847504
844,2023-01-20,355.0,9,32.94381222928443,36.26424778488489,4,0,5.657404869899729,1,2,30.086131980382746
847,2024-05-26,405.0,15,14.57538610586818,86.4763468945111,6,0,37.030007524592726,0,2,65.4262392102655
848,2023-04-18,246.0,17,17.52132770883138,70.55086478786018,1,0,7.865814537613253,1,2,22.111699959358223
850,2023-05-21,377.0,9,24.164384054285463,32.1563204952932,6,0,46.962001561541086,1,1,49.48425076677764
851,2023-10-02,466.0,10,12.63418834882015,30.851402963746036,0,0,37.30697109230458,2,0,46.14603048530385
853,2024-03-08,464.0,11,14.337001856648932,81.02829688565026,4,0,32.86419427814697,0,1,47.20295778197305
854,2024-09-26,218.0,7,14.781510447864669,60.00480709629496,3,0,14.406666682366502,1,2,16.80629174032871
855,2024-08-31,226.0,10,12.32576216150068,46.99828574549584,5,0,45.78050837458124,1,3,48.22888084917974
856,2023-09-12,161.0,9,16.98419284836791,58.88000259213989,1,0,11.165940951634427,2,1,19.029016240724307
857,2024-08-10,146.0,17,10.83459004465953,72.05205815168591,5,0,28.24824163344239,1,1,35.17782492561507
858,2024-05-14,402.0,8,30.69670938305432,34.326665575766114,1,0,36.32866026354905,0,2,40.63287406925743
859,2023-10-08,124.0,8,34.26874894176676,87.17380775986965,6,0,43.90935595712356,1,0,43.864360943854784
860,2024-07-01,282.0,19,10.448641964212296,65.01341803948911,0,0,7.839786610199581,0,2,29.899607897785632
861,2023-07-11,262.0,17,28.856338608596577,69.78044076850657,1,0,38.58632979409587,2,0,48.86451690846752
862,2023-11-13,104.0,18,19.399822248532782,35.44330213409586,0,0,16.74133608425756,1,2,25.766014725238325
865,2022-03-27,351.0,10,10.446547311957984,64.40096073811307,6,0,21.65110358642672,0,0,39.03875440262127
866,2022-08-31,423.0,5,19.483964748060597,77.50321555568078,2,0,35.62511728005957,1,1,42.99511970576117
867,2023-11-30,463.0,16,34.45993197001489,43.721664564021886,3,0,28.899927335188742,1,1,48.5476034469008
868,2024-07-29,232.0,12,14.896020314672972,49.62267864910906,0,0,32.75207184410492,1,2,36.70950335288342
869,2022-06-09,321.0,13,28.12066399685146,73.7916185309087,3,0,26.12833994055352,2,1,43.10401968389133
870,2023-06-09,199.0,11,24.379083762415625,84.66412216604301,4,0,10.95295764429672,1,2,29.0809113760752
872,2023-06-25,246.0,12,29.41809076179232,43.1883209293914,6,0,22.85397754049882,2,2,37.13781335307901
873,2022-06-20,342.0,15,14.041813603670066,73.05432748389566,0,0,15.201079343371566,1,2,40.192729233239135
874,2023-10-17,141.0,15,12.065441586481718,87.61006708372472,1,0,10.200126950628428,0,1,21.88699252948757
875,2024-08-28,279.0,17,26.40335045051452,83.09785849083526,2,0,28.188733459746956,2,1,41.135303773637006
877,2024-07-02,435.0,13,13.156344569815335,61.54537317354809,1,1,19.607412582957267,2,2,52.71161371204611
879,2024-01-04,248.0,9,26.439007819450577,51.15615635573149,3,0,21.217731802435004,1,2,39.51362622730128
880,2022-04-06,316.0,17,16.18849889008438,87.34946902324513,2,0,7.749710042883453,1,2,22.70197254309297
881,2023-07-18,164.0,18,16.634685229704864,47.46865486711074,1,1,26.541718608448512,2,2,38.151336012522506
882,2022-08-29,297.0,15,16.31319455188548,30.4026234182436,0,0,40.84179751983113,2,1,56.623388536648456
883,2024-01-13,246.0,6,31.201194778269297,61.92130073905511,5,0,16.049778167502097,2,1,30.218379139431885
884,2024-05-13,354.0,8,19.836196164089788,70.65245673021204,0,0,16.928657795235765,1,1,29.77714463042641
885,2023-07-29,352.0,6,28.10793674191653,89.41253361525729,5,0,15.43285812716269,1,2,33.07424467195734
886,2023-11-22,426.0,5,34.81038501223675,54.93623375444013,2,0,27.866377339933745,1,2,48.93508461708752
887,2023-04-06,471.0,6,10.008312653012236,64.30854981642922,3,1,44.209186126108406,2,1,64.0375468530945
888,2023-07-08,251.0,13,14.794561389796517,68.51159753132131,5,0,7.072837865688984,1,3,22.81852840038222
889,2024-05-07,335.0,15,10.008312653012236,82.67906981909009,1,0,38.66072345147311,0,2,52.082864328960746
891,2022-07-26,251.0,5,29.400005175885735,84.60807820692806,1,0,21.82136489901511,0,3,33.169086838060835
892,2023-01-28,422.0,14,25.94963014483244,67.92538977037454,5,0,19.9751391032358,1,2,41.668751922861
895,2023-02-02,387.0,11,14.36933607068443,82.1366551367487,3,0,44.86612979738412,0,3,52.408320385356205
896,2024-02-06,189.0,11,20.058178117163894,89.97263512314566,1,1,27.46395260785993,0,0,46.17698662709352
900,2024-02-08,285.0,16,22.75274281247063,43.22930608134638,3,0,44.26816484686534,1,1,48.51387017262589
901,2023-10-05,168.0,12,19.68988078706924,51.3024633871175,3,0,5.93411144557839,2,0,25.426105952754007
903,2023-09-05,378.0,18,33.90555476622371,85.71961722089297,1,0,47.93190192851386,0,2,64.82519571776491
904,2024-01-09,351.0,6,27.19710274699788,47.40175161893436,1,0,29.478790007823537,2,0,53.737338828829074
905,2023-07-01,379.0,18,31.28621593878164,52.06401904830659,5,0,23.481916042624977,1,2,37.29872271217137
906,2023-12-27,233.0,11,14.021204348943655,47.71450814937853,2,0,28.27820669685139,1,2,39.95520046793589
908,2023-11-15,264.0,6,19.716319965746173,33.46217570495393,2,0,38.06188566192616,0,1,40.79206756606639
909,2022-04-09,479.0,10,14.020636726954752,34.9324238227069,5,0,10.136298618933443,0,3,32.774029800970766
910,2024-03-15,323.0,18,28.499659667140296,39.43957680010969,4,1,6.209044432022088,1,3,50.19974135139675
911,2023-12-29,143.0,9,30.293805421642748,57.60014373484793,4,0,13.97054702620324,1,1,16.539617670337577
912,2023-07-28,485.0,10,31.20039713123504,64.93252558609387,4,1,37.52530702796845,1,2,66.11120400029236
913,2023-02-11,398.0,19,26.78561673826536,42.66674826996817,5,0,11.19333804792626,1,3,39.3309382009304
914,2023-05-18,288.0,11,14.04410528380274,68.86279026377528,3,0,26.474003573808258,2,1,48.44798693220071
917,2024-02-19,311.0,5,25.91226627622885,67.70604284513993,0,0,24.388622392202183,1,2,45.20482819966046
918,2024-04-19,304.0,5,11.114872709324038,48.9929799160722,4,0,32.63599292843831,0,2,41.86865817027412
919,2022-07-20,417.0,11,17.096363215216126,79.20075774716136,2,1,41.882429887961,1,2,64.78060166834366
920,2022-05-15,134.0,8,27.329848520567023,62.2204493010815,6,0,11.676215178028256,1,2,18.394552571651975
922,2024-08-04,177.0,9,25.33682846597941,60.76358365570656,6,0,44.81635761637929,1,2,51.52253073691576
923,2022-08-19,442.0,18,15.866850956538777,61.54875593239943,4,0,42.005260015558136,1,2,62.60608510854583
924,2023-05-05,221.0,18,13.982600515474507,58.55806386069936,4,0,33.72577598391943,1,2,39.87593993371215
925,2024-02-12,319.0,5,27.57358602446692,52.84138086965194,0,0,16.778799506051712,1,2,33.416306588184824
926,2023-01-14,198.0,10,31.48539483201473,30.33994887177404,5,0,42.41933538519496,1,2,43.3618484483874
927,2022-10-16,484.0,10,34.46578218501326,40.630255516311934,6,1,13.764807395925164,1,2,53.004152375462496
929,2023-11-06,240.0,7,23.01920354585532,39.22842147849647,0,0,10.320008543260696,1,0,19.96310244156294
930,2023-01-27,157.0,10,10.06460037112456,62.94782017663036,4,0,16.96989618916961,1,0,24.281083527890157
931,2023-08-16,376.0,15,18.08750987278685,68.56913488801047,2,0,35.893127436946365,0,2,47.7336304485494
932,2023-05-14,336.0,11,30.63215270582242,73.17922899663182,6,0,33.6221304052607,1,2,45.41502825553888
933,2022-05-19,356.0,13,10.008312653012236,80.63547675670344,3,0,44.147202480396,1,2,50.38555888048062
934,2022-03-04,363.0,11,10.782557843687906,34.10045613193562,4,0,11.926377940230726,2,2,37.71238989021671
935,2023-04-17,257.0,19,10.030916993985237,80.6549221443491,0,0,18.77212248029472,2,1,28.11693068298985
937,2022-05-09,315.0,14,12.062713361010532,58.37828076573061,0,0,10.241503235300168,0,2,31.204223425463777
938,2022-02-10,154.0,15,24.68077787975028,54.76566775596156,3,0,40.84288338756688,1,3,30.73856136286934
939,2023-06-05,488.69999999999993,19,15.59036086240778,62.62834367197424,0,0,15.488276535087572,1,2,47.98713556618173
942,2022-03-06,305.0,11,32.73811277369546,32.76741386014403,6,0,29.514750214225497,0,2,38.21478430206521
943,2024-03-23,441.0,14,24.661977304717677,60.40035893896474,5,0,48.29459468742624,1,2,58.30576203855113
945,2022-06-06,151.0,9,11.01885265231182,85.76560166838684,0,0,22.736122105218268,1,2,35.92480229513707
947,2023-05-08,389.0,8,15.68393250240247,76.24683709583279,0,0,48.17624823299354,2,0,43.53105079417955
948,2023-01-15,287.0,12,29.99452738560054,86.22546170752769,6,0,12.979694895077271,1,3,34.4584765195143
950,2024-02-03,221.0,15,14.172127946371774,46.286314658052014,5,0,31.0534394133112,2,0,43.36948874349917
951,2022-08-05,367.0,7,20.12551997700804,62.552062111935086,4,0,44.76041277665857,0,1,52.06505071418237
952,2024-07-10,283.0,12,23.81284036956813,86.34342575803123,2,1,38.75689532441806,0,0,59.008219202039925
953,2024-03-02,402.0,11,19.285550046826145,39.54150022441568,5,0,25.06799952914458,1,2,40.62244911841924
954,2022-02-22,415.0,10,31.35524436153915,80.36765457004601,1,0,26.33739333223939,0,0,50.904230038059005
955,2024-05-28,437.0,13,28.000200991577827,30.688839584962672,1,0,31.220876594956227,1,3,49.661599436073416
956,2022-12-04,470.0,8,28.98360819807165,73.54298779319694,6,1,24.824262194284763,2,0,66.95166162817456
957,2024-01-19,242.0,6,26.959470571378542,42.214702652781625,4,1,37.16130538560804,2,2,54.79859302429639
958,2023-12-21,447.0,17,12.648267813962324,45.3185445902359,3,0,39.16898848175924,1,2,47.259897222070165
959,2023-12-26,216.0,5,20.845012806369297,51.86125430569392,1,0,22.02010318595051,0,3,34.67606562335067
960,2022-10-23,332.0,16,12.827745476914323,64.97906556987616,6,1,13.15515024723693,1,0,48.77461260293183
961,2023-12-03,190.0,7,14.51486495438252,70.7729956280345,6,0,36.34526309648208,2,2,31.26971727821852
962,2022-09-09,197.0,5,23.497645987555316,40.04158398831768,4,0,35.2575415759417,1,1,36.24750311027058
963,2023-12-28,157.0,14,23.951058128724178,82.76979424368758,3,0,23.58983289772149,0,2,30.11915726339217
964,2023-04-07,449.0,11,18.339238736805008,84.43198929363734,4,0,40.328764575789066,2,3,55.04314173179031
965,2023-04-01,104.0,16,14.758121570476696,85.8532423236485,5,0,8.70826873378767,1,3,23.12255785939849
966,2022-09-28,407.0,17,24.502805742386705,56.6476627899451,2,0,14.350253943276115,1,0,41.69676829953645
967,2024-03-26,276.0,19,29.56454849628345,30.963711898860367,1,0,35.63025679515817,2,2,43.85322208336641
968,2024-05-12,211.0,11,32.0533903570515,50.00775561576063,6,0,18.782054915207663,1,0,29.372179067020284
969,2022-09-27,298.0,16,34.32744370175866,58.44038570898935,1,0,32.788810177804024,0,2,47.98337417049553
971,2022-07-21,264.0,19,18.978775741655788,71.69294242055756,3,0,42.11841953691966,2,3,52.01799209315895
972,2022-06-11,336.0,16,26.257354646836347,70.25658028455047,5,0,49.803702511766375,1,2,62.61546841893608
973,2023-07-10,277.0,6,22.115039675471618,64.08555074027204,0,0,34.735933836090965,1,2,44.34145336877085
974,2023-12-31,259.0,14,32.03626949187553,79.60480608157482,6,0,8.252462640792947,2,2,25.552157007640037
975,2023-02-06,254.0,5,23.91592644841793,44.53387306947401,0,0,14.377980812824925,1,0,22.747668645371174
976,2023-12-04,301.0,12,11.346455174950654,43.49341300895475,0,0,46.58328449805574,2,0,53.086193772870445
977,2023-04-22,374.0,19,12.99572505044116,40.96843419941403,5,0,8.791491983808708,2,2,31.405077859126667
979,2024-02-11,127.0,12,15.635968886592346,38.97608697161715,6,0,36.113722588091846,1,3,31.88777264161803
981,2023-07-20,429.0,14,27.290451389232985,39.13966713976073,3,0,9.743237868027512,1,1,36.805521974958125
982,2023-01-25,322.0,19,23.162479853844523,31.46990689605914,2,0,18.896102390732693,1,3,32.70183794728311
986,2023-07-16,367.0,10,11.865745358427043,79.7857872172587,6,1,21.938673313431227,1,1,46.74125686496456
987,2024-07-20,150.0,14,10.008312653012236,86.37909067761049,5,1,23.103816862206735,1,3,47.43900059387273
988,2022-03-22,369.0,10,15.092531231906854,80.28913101311547,1,0,48.494638244843706,1,2,52.75777211937997
989,2022-07-25,271.0,5,15.894802348980246,53.962124903681456,0,0,29.43491596723712,0,1,32.704703516059496
991,2024-07-31,111.0,19,23.00476308128886,35.05807887668102,2,0,20.578859900614745,1,1,22.374728825351024
992,2024-02-15,327.0,10,24.984224141573343,31.240282133514267,3,0,13.56516387927714,2,2,33.67694826371649
993,2023-05-24,175.0,7,19.92946943573028,37.543456139533575,2,0,26.09554462280559,2,2,33.93092651340736
994,2023-03-04,242.0,7,26.8960311271844,68.2254502248543,5,0,7.450972131507691,1,1,20.19165013436588
995,2023-03-31,207.0,6,21.42146612200921,34.96292769146121,4,1,41.55758258837679,1,3,56.54150423153591
997,2023-01-02,145.0,6,23.077118114544614,73.9830713915996,0,0,32.524088872549655,0,2,36.97148717739101
998,2022-04-02,437.0,15,21.55243226914152,61.514385451209606,5,1,41.70962320857982,1,1,79.93317556316883
999,2022-12-06,121.0,11,23.55909162449346,57.358756545596215,1,0,46.038181288983495,0,2,44.78150920593387
1000,2024-06-16,372.0,17,31.549672710106808,65.72157967551624,6,0,38.74791568110835,1,2,49.34746479792479
1002,2022-12-12,150.0,7,13.724796399254869,89.76737697836647,0,0,45.86067902187384,0,0,39.12581412218569
1003,2024-02-16,291.0,13,25.053641101312024,46.14117880789863,4,1,46.27492663211883,1,3,55.46700493791375
1004,2022-08-30,346.0,11,18.98126869790614,53.15247017370696,1,1,39.054114061111775,1,3,62.04979168334652
1006,2022-11-12,448.0,19,33.1418707720178,57.50798547415547,5,0,37.88958304949934,1,2,63.98236563870466
1007,2023-08-24,198.0,17,26.152253086562705,71.4057934942706,3,0,41.36305177022102,2,0,37.58296477236034
1008,2023-01-23,117.0,5,30.39371608760702,46.82006764749126,0,0,22.43530831651424,2,2,37.55246724436765
1009,2022-10-01,437.0,19,18.566337203022883,35.29210222739224,5,0,19.939391214471627,2,2,50.81830563846673
1010,2022-06-16,112.0,10,28.60697663987389,87.24198765510243,3,0,32.806920193083414,2,0,34.31018605124429
1011,2024-04-20,359.0,13,10.907190565337554,78.98464709790184,5,0,19.662106280875197,1,2,32.07990281496097
1013,2023-10-09,478.0,19,33.557884741829824,88.02316088556209,0,0,10.339727651354243,1,3,44.8226272932104
1014,2024-03-29,198.0,9,15.638533248143316,77.85284163223196,4,0,24.29439310016076,2,1,41.30178486757264
1015,2023-04-30,226.0,6,16.426181660801998,89.96797489293783,6,0,49.39534013514847,2,2,46.88100458246255
1017,2023-05-20,168.0,11,24.36468455794417,75.24138209570293,5,0,49.1558718854958,1,2,46.98950310436417
1018,2024-04-11,182.0,9,11.432006276940584,87.69080033898508,3,0,23.823099999206867,2,1,30.49192342488851
1019,2022-09-01,302.0,18,25.138453941122076,65.75933053100891,3,1,12.473368355008116,2,2,49.7599779068028
1020,2023-07-21,142.0,14,25.451291857179648,83.9673127527661,4,0,29.92205482851765,1,2,35.22022046492519
1021,2024-05-25,393.0,14,34.18390444470688,49.51523435547311,5,0,36.83418238228696,0,1,50.27917828667118
1022,2023-07-17,422.0,15,29.56740101860373,66.36879389600878,0,0,30.684266643158303,1,3,45.6593833594455
1024,2023-11-18,464.0,9,33.20793832121443,67.32237374225963,5,0,10.212038700655745,0,0,44.96087927845948
1025,2024-08-15,449.0,6,29.964831809568786,84.691277599519,3,0,18.0519812680094,1,3,37.53633783024077
1026,2022-07-09,324.0,13,22.621122047325443,65.92154413914585,5,0,47.09201725882028,0,2,60.62586880031563
1027,2024-09-02,313.0,7,30.57396115553715,53.8468894139455,0,0,28.977216683062743,2,2,34.78214517771701
1028,2023-12-01,281.0,18,28.704797649474937,87.37920560325165,4,1,38.55729497921543,0,1,56.32568803906105
1029,2023-05-26,243.0,17,25.698751319315896,88.47550868011979,4,0,46.49863676230779,2,2,54.537390589836335
1030,2023-04-20,219.0,10,21.872163587655464,45.25388302492173,3,0,5.231283241350214,1,2,28.297747075421903
1031,2024-05-06,153.0,12,29.296443154540533,55.8324125704314,0,0,28.313472433890247,1,1,38.31396486464837
1032,2024-01-18,113.0,7,28.96690975277512,42.03361506437898,3,0,31.170389199709497,1,2,32.39586337854402
1033,2022-09-10,297.0,10,10.854694148478954,88.32151538979547,5,1,12.644266748201437,2,2,44.56475439317969
1035,2023-04-05,464.0,16,34.88701226760642,81.99287890494521,2,0,46.67923408479553,1,0,58.57742180728891
1036,2022-10-04,366.0,8,13.317866345481937,31.85625868388052,1,0,33.24854367038014,1,3,42.55481316392077
1037,2024-08-13,338.0,17,30.50943768622433,79.10217398888024,1,0,43.16816742259762,1,2,48.366656560992055
1039,2024-03-16,338.0,9,33.75781882326479,37.13246347062432,5,0,22.12168484718661,2,2,34.751027860371266
1040,2022-12-10,329.0,10,30.34415720798966,78.39536053957661,5,0,19.35702834495079,1,0,43.91055238295943
1041,2024-02-09,415.0,11,28.08511914030716,75.74897306853319,4,0,8.919918025764531,1,2,41.32126700510049
1042,2022-05-11,198.0,6,18.945033773206784,58.18462577944103,2,0,18.296056608204168,2,1,25.533362473945573
1043,2024-05-21,202.0,9,14.779767536619726,76.8597536168995,1,0,41.52074019581966,1,2,42.88728265418715
1044,2022-03-29,395.0,18,17.354199333586948,45.1384349903644,1,0,40.55066787019469,1,1,50.36915178978074
1045,2022-11-27,483.0,11,24.91213687463554,59.485090651713406,6,0,36.47027598136894,1,0,43.07012119080947
1046,2023-04-12,243.0,11,28.870945498521195,70.5084036689801,2,0,19.76720325591235,1,2,29.63256008394076
1049,2024-05-10,350.0,6,23.708014593160605,51.351285555552685,4,0,46.786859668878726,1,3,57.0664809637605
