date,meals_served,kitchen_staff,temperature_C,humidity_percent,day_of_week,special_event,past_waste_kg,staff_experience,waste_category,food_waste_kg
20221219,196.0,13.0,27.0,45.0,0.0,0.0,7.0,1.0,0.0,28.0
20231121,244.0,15.0,10.0,64.0,1.0,0.0,42.0,1.0,2.0,51.0
20220201,148.0,16.0,27.0,69.0,1.0,0.0,41.0,0.0,2.0,53.0
20230319,157.0,19.0,19.0,46.0,6.0,0.0,41.0,0.0,2.0,48.0
20220718,297.0,10.0,26.0,79.0,0.0,0.0,26.0,1.0,2.0,44.0
20230302,241.0,18.0,16.0,79.0,3.0,0.0,11.0,1.0,0.0,27.0
20220418,443.0,16.0,19.0,77.0,0.0,0.0,22.0,0.0,3.0,52.0
20231216,416.0,16.0,18.0,75.0,5.0,1.0,34.0,1.0,2.0,72.0
20230707,439.0,18.0,24.0,43.0,4.0,0.0,17.0,2.0,0.0,44.0
20231107,267.0,7.0,25.0,89.0,1.0,0.0,23.0,2.0,1.0,33.0
20220608,487.0,15.0,20.0,53.0,2.0,0.0,41.0,2.0,2.0,61.0
20230421,418.0,13.0,19.0,82.0,4.0,0.0,25.0,1.0,3.0,44.0
20220125,376.0,19.0,9.0,54.0,1.0,0.0,36.0,2.0,2.0,50.0
20230910,372.0,5.0,30.0,63.0,6.0,0.0,49.0,1.0,1.0,60.0
20230429,378.0,12.0,12.0,68.0,5.0,0.0,41.0,1.0,2.0,51.0
20240603,265.0,12.0,15.0,63.0,0.0,0.0,26.0,0.0,2.0,38.0
20220902,283.0,8.0,18.0,36.0,4.0,1.0,7.0,0.0,0.0,31.0
20240427,138.0,17.0,31.0,67.0,5.0,0.0,21.0,1.0,3.0,29.0
20240909,253.0,17.0,12.0,42.0,0.0,0.0,6.0,1.0,0.0,18.0
20240408,152.0,8.0,32.0,48.0,0.0,0.0,27.0,2.0,1.0,31.0
20220301,439.0,18.0,13.0,56.0,1.0,0.0,22.0,1.0,0.0,50.0
20221018,353.0,11.0,10.0,70.0,1.0,1.0,17.0,2.0,2.0,45.0
20220312,489.0,8.0,18.0,73.0,5.0,0.0,36.0,2.0,2.0,60.0
20221211,464.0,11.0,12.0,58.0,6.0,0.0,23.0,1.0,3.0,45.0
20220704,430.0,18.0,20.0,74.0,0.0,0.0,13.0,2.0,1.0,40.0
20220522,354.0,15.0,24.0,56.0,6.0,0.0,28.0,1.0,2.0,43.0
20230126,153.0,15.0,12.0,48.0,3.0,0.0,18.0,2.0,2.0,27.0
20230507,338.0,8.0,12.0,68.0,6.0,0.0,43.0,1.0,1.0,52.0
20240406,358.0,18.0,11.0,62.0,5.0,0.0,43.0,2.0,1.0,46.0
20220412,114.0,8.0,24.0,38.0,1.0,0.0,25.0,0.0,2.0,23.0
20240120,100.0,15.0,28.0,30.0,5.0,0.0,15.0,0.0,2.0,20.0
20230706,259.0,5.0,19.0,74.0,3.0,0.0,11.0,1.0,1.0,35.0
20221103,174.0,15.0,17.0,73.0,3.0,0.0,49.0,1.0,3.0,43.0
20240913,470.0,9.0,26.0,84.0,4.0,0.0,29.0,1.0,0.0,57.0
20221118,262.0,13.0,19.0,58.0,4.0,0.0,34.0,1.0,0.0,44.0
20240310,218.0,8.0,22.0,31.0,6.0,0.0,34.0,0.0,0.0,31.0
20240101,272.0,11.0,16.0,32.0,0.0,0.0,30.0,0.0,2.0,39.0
20231109,492.0,9.0,11.0,59.0,3.0,0.0,14.0,1.0,1.0,45.0
20231016,280.0,18.0,20.0,76.0,0.0,1.0,14.0,0.0,1.0,53.0
20220318,317.0,16.0,24.0,50.0,4.0,0.0,46.0,0.0,0.0,55.0
20220712,382.0,12.0,24.0,36.0,1.0,0.0,5.0,1.0,3.0,27.0
20220328,289.0,7.0,29.0,69.0,0.0,0.0,29.0,1.0,2.0,40.0
20230404,361.0,11.0,19.0,63.0,1.0,0.0,29.0,1.0,2.0,38.0
20220218,266.0,9.0,14.0,72.0,4.0,0.0,39.0,1.0,2.0,39.0
20240707,487.0,6.0,24.0,56.0,6.0,0.0,25.0,0.0,1.0,44.0
20220104,206.0,11.0,15.0,74.0,1.0,0.0,22.0,0.0,2.0,32.0
20221106,439.0,8.0,28.0,72.0,6.0,1.0,30.0,2.0,2.0,63.0
20240114,119.0,19.0,30.0,65.0,6.0,0.0,41.0,1.0,0.0,39.0
20240523,351.0,17.0,17.0,66.0,3.0,0.0,7.0,1.0,0.0,25.0
20230203,441.0,5.0,19.0,70.0,4.0,0.0,41.0,1.0,2.0,62.0
20230909,385.0,15.0,33.0,57.0,5.0,0.0,8.0,1.0,2.0,31.0
20220219,373.0,10.0,21.0,88.0,5.0,0.0,34.0,0.0,0.0,53.0
20220719,236.0,5.0,34.0,89.0,1.0,0.0,5.0,2.0,3.0,21.0
20230822,326.0,6.0,19.0,33.0,1.0,0.0,29.0,1.0,1.0,40.0
20240827,352.0,15.0,34.0,49.0,1.0,0.0,14.0,2.0,2.0,37.0
20240601,407.0,14.0,23.0,62.0,5.0,1.0,13.0,1.0,1.0,50.0
20230513,188.0,19.0,22.0,54.0,5.0,0.0,35.0,1.0,3.0,42.0
20230827,251.0,11.0,13.0,43.0,6.0,0.0,17.0,0.0,0.0,29.0
20220111,430.0,16.0,12.0,48.0,1.0,0.0,8.0,0.0,2.0,34.0
20240607,205.0,10.0,23.0,61.0,4.0,0.0,17.0,1.0,2.0,22.0
20231102,352.0,12.0,21.0,54.0,3.0,0.0,42.0,1.0,3.0,52.0
20240726,121.0,15.0,16.0,69.0,4.0,0.0,16.0,1.0,2.0,21.0
20240717,259.0,13.0,21.0,53.0,2.0,0.0,49.0,1.0,1.0,53.0
20230712,479.0,13.0,25.0,62.0,2.0,0.0,19.0,1.0,1.0,47.0
20230929,483.0,11.0,28.0,40.0,4.0,0.0,35.0,2.0,0.0,56.0
20240414,177.0,9.0,19.0,43.0,6.0,0.0,28.0,1.0,3.0,36.0
20230806,189.0,9.0,19.0,73.0,6.0,0.0,38.0,1.0,2.0,41.0
20221130,294.0,9.0,10.0,56.0,2.0,0.0,23.0,0.0,2.0,28.0
20220730,195.0,18.0,19.0,79.0,5.0,0.0,38.0,1.0,0.0,47.0
20220120,357.0,13.0,10.0,81.0,3.0,0.0,26.0,1.0,3.0,45.0
20230403,295.0,11.0,19.0,37.0,0.0,0.0,26.0,2.0,2.0,38.0
20220330,312.0,13.0,32.0,43.0,2.0,0.0,19.0,1.0,2.0,27.0
20240529,385.0,14.0,20.0,57.0,2.0,0.0,10.0,1.0,2.0,28.0
20221217,376.0,13.0,23.0,44.0,5.0,0.0,10.0,1.0,1.0,25.0
20220807,485.0,10.0,24.0,65.0,6.0,0.0,13.0,2.0,2.0,42.0
20230218,454.0,18.0,31.0,64.0,5.0,0.0,46.0,1.0,2.0,64.0
20221005,250.0,8.0,13.0,88.0,2.0,0.0,34.0,1.0,3.0,43.0
20240817,418.0,17.0,31.0,51.0,5.0,0.0,16.0,1.0,2.0,37.0
20220802,212.0,12.0,11.0,81.0,1.0,0.0,22.0,2.0,2.0,32.0
20231205,445.0,19.0,18.0,55.0,1.0,0.0,41.0,0.0,2.0,55.0
20220517,200.0,19.0,11.0,32.0,1.0,0.0,44.0,1.0,2.0,48.0
20220728,473.0,11.0,25.0,42.0,3.0,0.0,5.0,1.0,2.0,39.0
20230607,440.0,7.0,24.0,71.0,2.0,0.0,33.0,1.0,0.0,50.0
20230723,384.0,17.0,15.0,86.0,6.0,0.0,17.0,2.0,0.0,42.0
20220918,425.0,8.0,12.0,54.0,6.0,0.0,49.0,0.0,3.0,50.0
20230413,368.0,7.0,14.0,36.0,3.0,0.0,7.0,1.0,2.0,11.0
20220131,444.0,5.0,29.0,83.0,0.0,0.0,16.0,1.0,2.0,37.0
20231129,374.0,19.0,15.0,75.0,2.0,0.0,25.0,1.0,0.0,50.0
20230328,363.0,14.0,24.0,58.0,1.0,0.0,40.0,1.0,3.0,47.0
20220224,341.0,8.0,30.0,67.0,3.0,0.0,7.0,1.0,2.0,35.0
20220124,291.0,8.0,14.0,75.0,0.0,1.0,31.0,1.0,1.0,53.0
20220108,202.0,10.0,28.0,31.0,5.0,0.0,22.0,1.0,2.0,35.0
20220424,491.0,9.0,32.0,88.0,6.0,0.0,13.0,0.0,2.0,38.0
20220420,235.0,5.0,28.0,70.0,2.0,0.0,23.0,1.0,0.0,37.0
20230522,448.0,7.0,19.0,53.0,0.0,1.0,47.0,0.0,0.0,61.0
20240824,107.0,12.0,28.0,65.0,5.0,0.0,12.0,0.0,2.0,18.0
20240807,172.0,10.0,14.0,43.0,2.0,0.0,49.0,1.0,2.0,39.0
20220104,206.0,11.0,15.0,74.0,1.0,0.0,22.0,0.0,2.0,32.0
20221003,228.0,7.0,13.0,39.0,0.0,0.0,24.0,0.0,1.0,27.0
20231019,497.0,15.0,32.0,81.0,3.0,0.0,27.0,0.0,2.0,56.0
20240224,134.0,6.0,9.0,37.0,5.0,0.0,49.0,0.0,2.0,36.0
20240504,405.0,19.0,18.0,54.0,5.0,0.0,11.0,1.0,0.0,29.0
20240307,350.0,15.0,17.0,37.0,3.0,0.0,25.0,1.0,3.0,33.0
20220129,352.0,12.0,33.0,78.0,5.0,0.0,10.0,1.0,1.0,42.0
20230130,273.0,6.0,24.0,71.0,0.0,0.0,36.0,1.0,3.0,37.0
20230502,495.0,12.0,31.0,59.0,1.0,0.0,8.0,1.0,1.0,39.0
20230907,454.0,16.0,12.0,62.0,3.0,0.0,5.0,0.0,2.0,28.0
20240527,197.0,6.0,10.0,84.0,0.0,0.0,45.0,0.0,0.0,43.0
20220624,269.0,16.0,23.0,45.0,4.0,0.0,6.0,0.0,1.0,22.0
20240706,107.0,9.0,33.0,37.0,5.0,0.0,17.0,0.0,2.0,20.0
20220228,485.0,18.0,15.0,68.0,0.0,0.0,17.0,1.0,0.0,39.0
20220923,445.0,9.0,21.0,37.0,4.0,0.0,10.0,0.0,2.0,32.0
20240229,355.0,18.0,28.0,88.0,3.0,0.0,6.0,2.0,2.0,30.0
20220411,256.0,10.0,18.0,57.0,0.0,0.0,44.0,0.0,2.0,53.0
20220216,120.0,13.0,16.0,87.0,2.0,0.0,18.0,1.0,1.0,21.0
20221027,307.0,18.0,33.0,42.0,3.0,1.0,25.0,1.0,2.0,42.0
20230908,460.0,10.0,26.0,40.0,4.0,0.0,45.0,1.0,0.0,52.0
20220628,383.0,9.0,15.0,35.0,1.0,0.0,25.0,1.0,2.0,36.0
20240722,104.0,19.0,14.0,73.0,0.0,0.0,22.0,2.0,1.0,31.0
20220520,104.0,5.0,13.0,47.0,4.0,0.0,21.0,0.0,0.0,24.0
20240314,245.0,17.0,28.0,69.0,3.0,0.0,26.0,1.0,1.0,35.0
20220618,426.0,17.0,20.0,81.0,5.0,0.0,44.0,0.0,2.0,60.0
20220308,149.0,7.0,34.0,47.0,1.0,0.0,45.0,0.0,3.0,39.0
20220309,459.0,19.0,29.0,79.0,2.0,0.0,8.0,1.0,1.0,41.0
20220128,121.0,19.0,29.0,43.0,4.0,0.0,34.0,0.0,0.0,34.0
20220113,472.0,5.0,23.0,70.0,3.0,1.0,48.0,2.0,2.0,74.0
20230616,109.0,13.0,17.0,84.0,4.0,0.0,16.0,1.0,3.0,29.0
20240911,286.0,17.0,34.0,50.0,2.0,0.0,41.0,1.0,0.0,35.0
20240516,328.0,12.0,25.0,52.0,3.0,0.0,9.0,2.0,3.0,21.0
20230731,134.0,14.0,20.0,61.0,0.0,0.0,18.0,1.0,2.0,33.0
20221014,468.0,12.0,16.0,79.0,4.0,0.0,32.0,1.0,1.0,55.0
20240630,250.0,17.0,28.0,70.0,6.0,0.0,33.0,1.0,2.0,41.0
20221120,268.0,7.0,26.0,88.0,6.0,0.0,19.0,0.0,2.0,41.0
20240609,180.0,11.0,15.0,66.0,6.0,0.0,37.0,1.0,2.0,39.0
20230621,279.0,8.0,21.0,53.0,2.0,0.0,6.0,2.0,2.0,17.0
20231124,400.0,5.0,17.0,84.0,4.0,0.0,26.0,2.0,3.0,39.0
20230613,456.0,9.0,13.0,31.0,1.0,0.0,46.0,0.0,3.0,58.0
20230809,490.0,14.0,13.0,80.0,2.0,0.0,15.0,1.0,2.0,40.0
20220103,370.0,14.0,30.0,64.0,0.0,0.0,41.0,0.0,3.0,61.0
20230322,279.0,12.0,21.0,41.0,2.0,0.0,19.0,2.0,1.0,40.0
20230511,217.0,9.0,18.0,41.0,3.0,0.0,13.0,0.0,3.0,19.0
20230702,435.0,11.0,10.0,40.0,6.0,0.0,41.0,1.0,2.0,49.0
20240508,488.0,18.0,15.0,66.0,2.0,0.0,42.0,2.0,3.0,62.0
20230614,122.0,10.0,32.0,74.0,2.0,0.0,14.0,1.0,3.0,23.0
20221213,363.0,12.0,23.0,33.0,1.0,0.0,15.0,1.0,0.0,35.0
20230807,214.0,13.0,34.0,67.0,0.0,1.0,46.0,0.0,3.0,60.0
20230817,348.0,13.0,30.0,78.0,3.0,0.0,41.0,1.0,2.0,50.0
20221105,203.0,16.0,34.0,81.0,5.0,0.0,37.0,1.0,3.0,44.0
20220820,323.0,11.0,32.0,60.0,5.0,0.0,45.0,2.0,0.0,56.0
20230922,495.0,5.0,21.0,59.0,4.0,0.0,38.0,0.0,0.0,50.0
20230825,135.0,13.0,22.0,85.0,4.0,0.0,19.0,1.0,2.0,25.0
20231025,320.0,13.0,16.0,78.0,2.0,0.0,44.0,1.0,0.0,47.0
20220110,314.0,18.0,14.0,36.0,0.0,0.0,11.0,0.0,2.0,29.0
20240704,473.0,8.0,14.0,30.0,3.0,0.0,20.0,1.0,0.0,43.0
20221111,252.0,12.0,29.0,51.0,4.0,0.0,18.0,0.0,1.0,31.0
20220417,108.0,5.0,27.0,56.0,6.0,0.0,25.0,0.0,2.0,21.0
20220225,364.0,18.0,17.0,63.0,4.0,0.0,18.0,1.0,3.0,29.0
20220501,127.0,7.0,22.0,83.0,6.0,0.0,35.0,1.0,0.0,36.0
20230106,479.0,6.0,24.0,42.0,4.0,0.0,12.0,1.0,0.0,38.0
20220126,260.0,10.0,29.0,75.0,2.0,0.0,21.0,0.0,3.0,29.0
20220314,205.0,19.0,28.0,33.0,0.0,0.0,20.0,2.0,1.0,38.0
20220121,443.0,17.0,21.0,42.0,4.0,0.0,19.0,1.0,0.0,39.0
20220214,406.0,10.0,19.0,55.0,0.0,0.0,28.0,2.0,2.0,44.0
20221024,198.0,14.0,29.0,89.0,0.0,0.0,48.0,2.0,3.0,55.0
20221125,376.0,10.0,19.0,59.0,4.0,0.0,26.0,0.0,2.0,45.0
20220905,393.0,14.0,27.0,80.0,0.0,0.0,7.0,1.0,2.0,43.0
20221203,275.0,18.0,26.0,51.0,5.0,0.0,10.0,0.0,2.0,27.0
20221228,148.0,8.0,14.0,61.0,2.0,0.0,10.0,1.0,2.0,33.0
20220102,448.0,16.0,10.0,56.0,6.0,0.0,29.0,1.0,1.0,53.0
20240818,147.0,18.0,12.0,30.0,6.0,1.0,12.0,2.0,1.0,38.0
20230117,290.0,11.0,17.0,78.0,1.0,0.0,39.0,0.0,2.0,42.0
20231126,391.0,13.0,16.0,88.0,6.0,0.0,39.0,1.0,1.0,47.0
20230624,349.0,16.0,11.0,46.0,5.0,0.0,7.0,2.0,1.0,35.0
20220729,259.0,6.0,25.0,57.0,4.0,0.0,11.0,1.0,1.0,20.0
20230709,495.0,12.0,15.0,64.0,6.0,0.0,46.0,1.0,2.0,60.0
20220113,472.0,5.0,23.0,70.0,3.0,1.0,48.0,2.0,2.0,74.0
20230427,216.0,16.0,16.0,46.0,3.0,0.0,18.0,1.0,1.0,38.0
20230309,314.0,19.0,18.0,47.0,3.0,0.0,37.0,2.0,0.0,47.0
20230919,118.0,12.0,21.0,69.0,1.0,0.0,24.0,1.0,0.0,22.0
20220302,191.0,19.0,31.0,43.0,2.0,0.0,31.0,0.0,1.0,38.0
20230914,467.0,7.0,16.0,70.0,3.0,0.0,13.0,0.0,1.0,41.0
20240126,111.0,12.0,26.0,73.0,4.0,0.0,18.0,1.0,3.0,17.0
20220403,466.0,12.0,10.0,31.0,6.0,0.0,26.0,1.0,1.0,50.0
20240620,361.0,6.0,29.0,55.0,3.0,0.0,45.0,0.0,0.0,53.0
20230408,146.0,17.0,24.0,86.0,5.0,0.0,17.0,0.0,3.0,30.0
20231029,338.0,5.0,21.0,60.0,6.0,0.0,31.0,1.0,2.0,35.0
20240903,113.0,12.0,15.0,60.0,1.0,0.0,43.0,0.0,1.0,30.0
20230423,191.0,9.0,34.0,46.0,6.0,1.0,35.0,2.0,1.0,55.0
20221129,234.0,18.0,21.0,63.0,1.0,0.0,38.0,1.0,1.0,53.0
20231202,266.0,12.0,23.0,38.0,5.0,0.0,42.0,1.0,2.0,49.0
20230410,410.0,5.0,34.0,52.0,0.0,0.0,9.0,1.0,0.0,27.0
20221222,416.0,13.0,20.0,43.0,3.0,0.0,21.0,0.0,1.0,40.0
20221229,116.0,13.0,21.0,67.0,3.0,0.0,31.0,2.0,1.0,34.0
20221109,211.0,12.0,12.0,65.0,2.0,0.0,23.0,1.0,0.0,21.0
20221115,437.0,16.0,31.0,62.0,1.0,0.0,47.0,0.0,2.0,64.0
20230116,215.0,13.0,14.0,79.0,0.0,1.0,37.0,2.0,0.0,49.0
20220702,439.0,18.0,14.0,54.0,5.0,0.0,13.0,2.0,1.0,31.0
20231218,460.0,15.0,28.0,83.0,0.0,0.0,46.0,1.0,1.0,65.0
20220421,162.0,14.0,26.0,37.0,3.0,0.0,37.0,0.0,3.0,39.0
20230615,349.0,18.0,30.0,49.0,3.0,0.0,7.0,2.0,2.0,34.0
20230113,194.0,7.0,13.0,34.0,4.0,0.0,8.0,1.0,0.0,10.0
20231215,247.0,13.0,13.0,54.0,4.0,0.0,48.0,1.0,2.0,50.0
20240522,291.0,7.0,18.0,77.0,2.0,1.0,26.0,0.0,1.0,40.0
20240102,416.0,18.0,14.0,73.0,1.0,0.0,43.0,2.0,1.0,64.0
20221020,136.0,14.0,30.0,79.0,3.0,0.0,21.0,1.0,2.0,24.0
20230313,285.0,16.0,32.0,73.0,0.0,0.0,19.0,0.0,2.0,42.0
20240415,465.0,18.0,33.0,82.0,0.0,0.0,27.0,2.0,1.0,54.0
20221104,212.0,16.0,31.0,38.0,4.0,0.0,5.0,1.0,2.0,22.0
20221017,403.0,12.0,19.0,60.0,0.0,0.0,41.0,0.0,3.0,44.0
20230923,332.0,15.0,32.0,54.0,5.0,0.0,29.0,1.0,2.0,34.0
20221008,362.0,15.0,14.0,58.0,5.0,0.0,35.0,2.0,0.0,48.0
20231105,273.0,11.0,33.0,84.0,6.0,0.0,34.0,2.0,2.0,50.0
20230327,200.0,14.0,16.0,64.0,0.0,0.0,6.0,2.0,2.0,22.0
20221026,403.0,12.0,25.0,79.0,2.0,0.0,34.0,0.0,2.0,54.0
20240225,352.0,11.0,30.0,63.0,6.0,0.0,40.0,2.0,0.0,51.0
20220518,230.0,9.0,26.0,79.0,2.0,1.0,30.0,2.0,2.0,39.0
20221102,215.0,16.0,25.0,57.0,2.0,0.0,39.0,2.0,3.0,47.0
20240318,366.0,13.0,24.0,70.0,0.0,0.0,28.0,1.0,3.0,49.0
20230823,276.0,16.0,16.0,71.0,2.0,0.0,6.0,2.0,2.0,25.0
20230805,192.0,5.0,14.0,42.0,5.0,0.0,15.0,2.0,2.0,26.0
20220130,335.0,12.0,14.0,33.0,6.0,0.0,30.0,1.0,2.0,40.0
20220615,135.0,12.0,21.0,73.0,2.0,0.0,40.0,1.0,0.0,40.0
20221107,353.0,8.0,12.0,84.0,0.0,0.0,24.0,1.0,2.0,43.0
20240423,133.0,16.0,29.0,48.0,1.0,1.0,31.0,2.0,2.0,45.0
20221209,137.0,19.0,32.0,65.0,4.0,0.0,13.0,1.0,2.0,21.0
20230829,289.0,17.0,31.0,54.0,1.0,1.0,44.0,1.0,0.0,51.0
20230611,353.0,8.0,17.0,72.0,6.0,0.0,31.0,2.0,3.0,39.0
20220307,180.0,7.0,31.0,64.0,0.0,0.0,11.0,1.0,2.0,26.0
20230924,175.0,11.0,12.0,87.0,6.0,0.0,42.0,1.0,0.0,41.0
20240610,232.0,5.0,31.0,61.0,0.0,0.0,41.0,0.0,1.0,40.0
20240210,277.0,19.0,12.0,62.0,5.0,0.0,26.0,1.0,0.0,44.0
20220810,200.0,7.0,26.0,57.0,2.0,0.0,6.0,1.0,2.0,15.0
20220824,229.0,10.0,26.0,75.0,2.0,0.0,31.0,1.0,0.0,45.0
20230306,453.0,5.0,9.0,57.0,0.0,1.0,48.0,1.0,3.0,71.0
20230317,249.0,10.0,24.0,79.0,4.0,0.0,28.0,0.0,2.0,32.0
20230812,213.0,9.0,24.0,88.0,5.0,0.0,33.0,1.0,3.0,45.0
20240830,402.0,5.0,27.0,59.0,4.0,1.0,38.0,0.0,2.0,65.0
20220907,424.0,15.0,31.0,63.0,2.0,0.0,9.0,1.0,1.0,33.0
20230802,436.0,13.0,18.0,68.0,2.0,0.0,8.0,1.0,2.0,44.0
20220313,153.0,12.0,28.0,65.0,6.0,0.0,39.0,0.0,1.0,39.0
20220405,379.0,7.0,25.0,33.0,1.0,1.0,12.0,1.0,1.0,33.0
20231007,495.0,14.0,34.0,53.0,5.0,0.0,6.0,1.0,1.0,32.0
20220917,286.0,12.0,14.0,85.0,5.0,0.0,5.0,1.0,3.0,22.0
20220724,333.0,13.0,30.0,35.0,6.0,0.0,42.0,1.0,0.0,45.0
20240309,104.0,18.0,25.0,50.0,5.0,1.0,26.0,1.0,2.0,37.0
20230913,183.0,8.0,33.0,83.0,2.0,0.0,29.0,1.0,1.0,36.0
20230101,257.0,10.0,25.0,50.0,6.0,0.0,41.0,2.0,2.0,35.0
20220326,314.0,12.0,23.0,77.0,5.0,0.0,18.0,2.0,0.0,32.0
20240921,393.0,9.0,12.0,59.0,5.0,0.0,23.0,0.0,2.0,43.0
20220324,403.0,5.0,13.0,55.0,3.0,0.0,46.0,1.0,3.0,52.0
20230610,388.0,16.0,21.0,80.0,5.0,0.0,48.0,1.0,2.0,55.0
20230316,224.0,18.0,26.0,82.0,3.0,0.0,5.0,0.0,1.0,18.0
20230722,143.0,17.0,25.0,72.0,5.0,0.0,28.0,1.0,2.0,32.0
20230715,200.0,10.0,14.0,62.0,5.0,0.0,5.0,0.0,0.0,17.0
20230627,356.0,14.0,24.0,81.0,1.0,0.0,25.0,2.0,2.0,42.0
20221128,491.0,5.0,23.0,61.0,0.0,1.0,19.0,1.0,3.0,50.0
20220106,288.0,5.0,10.0,80.0,3.0,0.0,49.0,0.0,2.0,53.0
20220415,444.0,5.0,13.0,40.0,4.0,0.0,32.0,0.0,2.0,43.0
20220408,287.0,9.0,15.0,71.0,4.0,0.0,9.0,1.0,2.0,22.0
20240227,181.0,14.0,19.0,72.0,1.0,0.0,20.0,1.0,3.0,32.0
20230301,499.0,17.0,13.0,57.0,2.0,0.0,11.0,1.0,2.0,33.0
20240723,191.0,12.0,12.0,67.0,1.0,0.0,37.0,1.0,0.0,43.0
20221009,351.0,9.0,14.0,61.0,6.0,0.0,48.0,1.0,3.0,53.0
20220924,246.0,17.0,27.0,80.0,5.0,0.0,27.0,0.0,0.0,44.0
20230619,199.0,16.0,26.0,82.0,0.0,0.0,12.0,1.0,0.0,22.0
20230330,159.0,18.0,15.0,86.0,3.0,0.0,17.0,1.0,0.0,24.0
20221226,134.0,7.0,26.0,31.0,0.0,0.0,17.0,0.0,1.0,28.0
20230506,100.0,15.0,11.0,36.0,5.0,1.0,18.0,1.0,2.0,43.0
20240918,462.0,10.0,23.0,82.0,2.0,0.0,43.0,0.0,3.0,62.0
20240327,197.0,11.0,11.0,76.0,2.0,0.0,35.0,0.0,3.0,52.0
20220429,330.0,17.0,24.0,46.0,4.0,0.0,18.0,1.0,2.0,37.0
20230927,305.0,10.0,11.0,57.0,2.0,0.0,49.0,1.0,2.0,49.0
20220908,471.0,14.0,23.0,36.0,3.0,0.0,17.0,1.0,1.0,29.0
20231219,100.0,14.0,28.0,62.0,1.0,0.0,31.0,0.0,0.0,38.0
20231206,118.0,9.0,28.0,73.0,2.0,1.0,30.0,0.0,0.0,37.0
20220110,314.0,18.0,14.0,36.0,0.0,0.0,11.0,0.0,2.0,29.0
20240509,321.0,17.0,28.0,44.0,3.0,0.0,36.0,1.0,3.0,49.0
20220323,450.0,10.0,12.0,47.0,2.0,0.0,33.0,1.0,0.0,41.0
20230324,425.0,11.0,26.0,72.0,4.0,1.0,11.0,2.0,3.0,46.0
20230618,424.0,9.0,30.0,73.0,6.0,0.0,12.0,1.0,0.0,36.0
20231031,108.0,17.0,18.0,45.0,1.0,1.0,13.0,2.0,3.0,26.0
20220828,259.0,9.0,9.0,52.0,6.0,0.0,49.0,0.0,2.0,44.0
20230216,346.0,5.0,13.0,45.0,3.0,0.0,23.0,0.0,1.0,38.0
20230630,115.0,15.0,16.0,52.0,4.0,0.0,26.0,2.0,2.0,29.0
20230604,303.0,14.0,13.0,76.0,6.0,0.0,43.0,0.0,2.0,50.0
20220816,229.0,17.0,24.0,52.0,1.0,0.0,10.0,1.0,2.0,26.0
20240711,380.0,7.0,12.0,30.0,3.0,0.0,25.0,1.0,0.0,32.0
20230209,203.0,10.0,28.0,72.0,3.0,0.0,19.0,1.0,1.0,33.0
20240608,150.0,19.0,25.0,34.0,5.0,0.0,11.0,0.0,2.0,28.0
20220627,233.0,9.0,20.0,69.0,0.0,0.0,13.0,1.0,3.0,27.0
20220107,120.0,11.0,23.0,45.0,4.0,0.0,15.0,0.0,2.0,29.0
20230307,421.0,18.0,9.0,44.0,1.0,0.0,24.0,1.0,2.0,33.0
20230617,345.0,6.0,33.0,46.0,5.0,0.0,28.0,1.0,0.0,52.0
20230424,157.0,7.0,10.0,37.0,0.0,1.0,15.0,0.0,1.0,29.0
20231120,441.0,15.0,22.0,53.0,0.0,1.0,27.0,0.0,2.0,56.0
20220108,202.0,10.0,28.0,31.0,5.0,0.0,22.0,1.0,2.0,35.0
20220605,340.0,18.0,22.0,57.0,6.0,0.0,19.0,2.0,3.0,44.0
20221224,246.0,14.0,11.0,75.0,5.0,0.0,16.0,1.0,3.0,30.0
20230808,204.0,10.0,16.0,83.0,1.0,0.0,9.0,1.0,1.0,25.0
20221126,403.0,15.0,23.0,48.0,5.0,0.0,6.0,2.0,2.0,35.0
20230926,383.0,7.0,21.0,43.0,1.0,0.0,36.0,0.0,2.0,53.0
20240402,296.0,7.0,20.0,63.0,1.0,0.0,20.0,1.0,0.0,29.0
20230904,112.0,14.0,19.0,67.0,0.0,0.0,19.0,1.0,2.0,17.0
20220211,343.0,12.0,19.0,78.0,4.0,0.0,15.0,1.0,2.0,35.0
20240117,404.0,11.0,28.0,73.0,2.0,0.0,30.0,0.0,0.0,45.0
20220106,288.0,5.0,9.0,80.0,3.0,0.0,49.0,0.0,2.0,53.0
20240320,381.0,16.0,14.0,62.0,2.0,0.0,32.0,1.0,2.0,42.0
20230510,225.0,10.0,19.0,81.0,2.0,0.0,8.0,1.0,1.0,14.0
20230727,401.0,15.0,26.0,70.0,3.0,0.0,44.0,0.0,2.0,54.0
20240816,206.0,12.0,34.0,31.0,4.0,0.0,14.0,1.0,2.0,33.0
20220613,270.0,7.0,25.0,70.0,0.0,0.0,45.0,0.0,3.0,45.0
20230608,138.0,11.0,33.0,44.0,3.0,0.0,43.0,1.0,2.0,51.0
20240226,489.0,7.0,23.0,76.0,0.0,0.0,32.0,1.0,2.0,48.0
20220801,279.0,12.0,20.0,53.0,0.0,0.0,31.0,0.0,2.0,32.0
20240405,457.0,12.0,25.0,62.0,4.0,0.0,38.0,1.0,0.0,55.0
20220321,301.0,19.0,13.0,61.0,0.0,1.0,18.0,2.0,3.0,45.0
20220529,445.0,19.0,29.0,79.0,6.0,0.0,46.0,1.0,1.0,55.0
20221030,153.0,5.0,24.0,48.0,6.0,0.0,30.0,2.0,2.0,35.0
20230325,370.0,11.0,11.0,65.0,5.0,0.0,34.0,0.0,2.0,40.0
20230517,371.0,14.0,31.0,73.0,2.0,0.0,18.0,1.0,2.0,39.0
20230703,346.0,5.0,10.0,56.0,0.0,1.0,45.0,0.0,3.0,49.0
20240421,468.0,12.0,16.0,60.0,6.0,0.0,13.0,2.0,2.0,37.0
20220213,230.0,17.0,30.0,31.0,6.0,0.0,29.0,1.0,3.0,36.0
20230509,195.0,9.0,18.0,30.0,1.0,0.0,14.0,1.0,2.0,18.0
20220514,313.0,6.0,15.0,65.0,5.0,0.0,31.0,2.0,0.0,41.0
20230818,263.0,19.0,25.0,86.0,4.0,0.0,44.0,0.0,2.0,56.0
20230523,346.0,17.0,22.0,85.0,1.0,1.0,23.0,1.0,2.0,56.0
20231018,285.0,17.0,22.0,75.0,2.0,0.0,42.0,0.0,2.0,52.0
20230601,146.0,9.0,30.0,32.0,3.0,1.0,19.0,2.0,3.0,35.0
20240429,349.0,15.0,13.0,39.0,0.0,0.0,17.0,1.0,3.0,30.0
20220101,202.0,9.0,31.0,66.0,5.0,0.0,45.0,1.0,2.0,39.0
20240222,496.0,16.0,28.0,86.0,3.0,0.0,40.0,2.0,0.0,65.0
20230118,352.0,8.0,29.0,83.0,2.0,0.0,37.0,0.0,2.0,51.0
20221113,483.0,14.0,20.0,32.0,6.0,0.0,36.0,0.0,3.0,59.0
20240201,472.0,7.0,9.0,79.0,3.0,0.0,27.0,2.0,3.0,46.0
20220105,171.0,13.0,32.0,78.0,2.0,0.0,34.0,1.0,0.0,33.0
20220506,132.0,14.0,11.0,44.0,4.0,0.0,6.0,2.0,0.0,27.0
20231128,351.0,5.0,25.0,80.0,1.0,0.0,33.0,1.0,3.0,38.0
20230515,472.0,6.0,16.0,52.0,0.0,0.0,23.0,2.0,2.0,47.0
20230820,456.0,15.0,11.0,73.0,6.0,0.0,35.0,1.0,1.0,49.0
20240829,306.0,17.0,13.0,52.0,3.0,0.0,9.0,1.0,0.0,32.0
20220401,336.0,19.0,14.0,74.0,4.0,0.0,20.0,2.0,1.0,42.0
20220111,430.0,16.0,11.0,48.0,1.0,0.0,8.0,0.0,2.0,34.0
20220701,143.0,15.0,31.0,84.0,4.0,0.0,42.0,1.0,1.0,54.0
20221230,271.0,14.0,14.0,68.0,4.0,1.0,19.0,2.0,2.0,42.0
20240123,473.0,5.0,22.0,33.0,1.0,0.0,8.0,1.0,3.0,30.0
20240820,436.0,7.0,17.0,84.0,1.0,0.0,23.0,2.0,1.0,41.0
20221019,239.0,19.0,16.0,44.0,2.0,0.0,37.0,0.0,2.0,42.0
20220512,271.0,17.0,18.0,56.0,3.0,0.0,28.0,2.0,2.0,42.0
20221028,230.0,6.0,30.0,76.0,4.0,0.0,35.0,2.0,2.0,40.0
20231214,157.0,6.0,22.0,80.0,3.0,0.0,24.0,0.0,1.0,40.0
20221123,388.0,12.0,25.0,35.0,2.0,0.0,42.0,0.0,2.0,56.0
20220525,382.0,10.0,17.0,32.0,2.0,0.0,27.0,1.0,3.0,40.0
20220101,202.0,9.0,32.0,66.0,5.0,0.0,45.0,1.0,2.0,39.0
20240821,125.0,14.0,34.0,51.0,2.0,1.0,10.0,1.0,0.0,32.0
20240605,129.0,9.0,23.0,64.0,2.0,0.0,16.0,2.0,3.0,21.0
20220516,326.0,5.0,30.0,81.0,0.0,0.0,12.0,1.0,3.0,30.0
20220614,128.0,5.0,18.0,47.0,1.0,0.0,11.0,2.0,1.0,20.0
20220129,352.0,12.0,33.0,78.0,5.0,0.0,10.0,1.0,1.0,42.0
20231111,221.0,16.0,24.0,58.0,5.0,0.0,47.0,1.0,2.0,44.0
20220713,220.0,11.0,10.0,39.0,2.0,0.0,16.0,1.0,0.0,27.0
20240621,152.0,6.0,12.0,71.0,4.0,0.0,22.0,1.0,3.0,26.0
20240324,414.0,18.0,27.0,53.0,6.0,0.0,29.0,1.0,2.0,44.0
20230310,441.0,6.0,30.0,63.0,4.0,0.0,21.0,1.0,0.0,35.0
20240914,106.0,14.0,17.0,81.0,5.0,0.0,13.0,1.0,2.0,19.0
20220619,286.0,12.0,11.0,30.0,6.0,0.0,5.0,1.0,2.0,20.0
20220521,317.0,13.0,32.0,57.0,5.0,1.0,32.0,1.0,3.0,46.0
20220107,120.0,11.0,23.0,45.0,4.0,0.0,15.0,0.0,2.0,29.0
20230620,389.0,7.0,13.0,32.0,1.0,0.0,25.0,1.0,2.0,48.0
20240819,160.0,17.0,28.0,34.0,0.0,0.0,9.0,1.0,0.0,19.0
20240505,367.0,18.0,17.0,86.0,6.0,1.0,17.0,1.0,0.0,46.0
20220315,359.0,10.0,9.0,82.0,1.0,0.0,47.0,1.0,2.0,70.0
20240108,302.0,12.0,25.0,32.0,0.0,0.0,14.0,1.0,2.0,31.0
20230612,321.0,9.0,25.0,86.0,0.0,1.0,49.0,1.0,2.0,60.0
20220827,317.0,17.0,24.0,61.0,5.0,0.0,47.0,1.0,3.0,46.0
20220526,492.0,11.0,33.0,46.0,3.0,0.0,14.0,0.0,3.0,47.0
20240502,358.0,11.0,25.0,53.0,3.0,0.0,40.0,0.0,3.0,60.0
20220823,225.0,17.0,21.0,32.0,1.0,0.0,19.0,0.0,2.0,31.0
20220803,417.0,7.0,20.0,54.0,2.0,0.0,43.0,0.0,3.0,60.0
20231213,225.0,13.0,34.0,84.0,2.0,0.0,15.0,1.0,2.0,20.0
20220217,428.0,5.0,9.0,37.0,3.0,0.0,17.0,1.0,0.0,25.0
20240625,142.0,7.0,22.0,68.0,1.0,0.0,43.0,1.0,2.0,34.0
20231209,272.0,9.0,28.0,49.0,5.0,0.0,32.0,0.0,2.0,39.0
20230227,420.0,5.0,9.0,73.0,0.0,0.0,21.0,0.0,2.0,40.0
20220705,227.0,8.0,31.0,54.0,1.0,0.0,16.0,1.0,2.0,27.0
20220211,343.0,12.0,19.0,78.0,4.0,0.0,15.0,1.0,2.0,35.0
20240207,235.0,11.0,31.0,54.0,2.0,0.0,14.0,1.0,0.0,27.0
20220226,445.0,15.0,30.0,67.0,5.0,0.0,46.0,2.0,2.0,59.0
20230428,417.0,19.0,26.0,58.0,4.0,0.0,40.0,1.0,2.0,61.0
20240124,358.0,18.0,13.0,41.0,2.0,0.0,44.0,2.0,0.0,58.0
20240304,411.0,17.0,30.0,35.0,0.0,0.0,7.0,2.0,1.0,35.0
20230414,469.0,12.0,9.0,32.0,4.0,0.0,35.0,1.0,2.0,67.0
20240715,254.0,13.0,29.0,33.0,0.0,0.0,42.0,0.0,2.0,45.0
20230312,252.0,10.0,18.0,85.0,6.0,0.0,14.0,2.0,2.0,20.0
20220125,376.0,19.0,9.0,54.0,1.0,0.0,36.0,2.0,2.0,50.0
20220219,373.0,10.0,21.0,88.0,5.0,0.0,34.0,0.0,0.0,53.0
20220122,393.0,6.0,30.0,51.0,5.0,0.0,27.0,1.0,3.0,40.0
20240924,114.0,14.0,32.0,77.0,1.0,0.0,11.0,0.0,3.0,29.0
20221205,474.0,10.0,22.0,83.0,0.0,0.0,19.0,0.0,2.0,45.0
20220221,188.0,10.0,12.0,71.0,0.0,0.0,48.0,1.0,2.0,43.0
20240511,412.0,13.0,13.0,35.0,5.0,0.0,38.0,1.0,3.0,54.0
20240916,210.0,19.0,30.0,77.0,0.0,0.0,17.0,2.0,2.0,36.0
20231114,128.0,10.0,23.0,31.0,1.0,1.0,48.0,2.0,3.0,60.0
20240922,326.0,15.0,27.0,62.0,6.0,0.0,18.0,1.0,2.0,37.0
20220922,351.0,12.0,19.0,59.0,3.0,0.0,48.0,1.0,0.0,51.0
20231210,240.0,10.0,12.0,80.0,6.0,0.0,42.0,2.0,1.0,39.0
20240205,263.0,14.0,19.0,50.0,0.0,0.0,19.0,0.0,1.0,35.0
20240107,312.0,7.0,30.0,57.0,6.0,0.0,29.0,0.0,1.0,49.0
20230131,379.0,9.0,29.0,30.0,1.0,0.0,34.0,1.0,2.0,47.0
20230713,132.0,11.0,17.0,82.0,3.0,0.0,43.0,0.0,3.0,43.0
20220626,161.0,7.0,12.0,78.0,6.0,0.0,10.0,1.0,3.0,28.0
20240906,315.0,15.0,18.0,47.0,4.0,0.0,22.0,1.0,2.0,37.0
20230623,493.0,10.0,15.0,57.0,4.0,0.0,23.0,0.0,3.0,55.0
20230906,316.0,6.0,13.0,75.0,2.0,0.0,10.0,1.0,2.0,21.0
20230814,475.0,10.0,14.0,84.0,0.0,0.0,25.0,0.0,1.0,48.0
20230103,472.0,11.0,26.0,61.0,1.0,1.0,18.0,2.0,2.0,53.0
20220325,370.0,18.0,21.0,46.0,4.0,0.0,35.0,1.0,2.0,54.0
20220303,466.0,12.0,34.0,37.0,3.0,0.0,34.0,0.0,3.0,54.0
20220930,138.0,15.0,23.0,62.0,4.0,0.0,10.0,1.0,2.0,20.0
20221013,159.0,14.0,34.0,51.0,3.0,0.0,38.0,1.0,2.0,40.0
20221227,291.0,19.0,19.0,82.0,1.0,0.0,27.0,0.0,2.0,41.0
20221221,466.0,8.0,30.0,88.0,2.0,0.0,37.0,0.0,3.0,57.0
20240809,348.0,16.0,24.0,70.0,4.0,0.0,30.0,1.0,1.0,38.0
20221006,397.0,14.0,33.0,76.0,3.0,0.0,42.0,2.0,0.0,62.0
20230104,105.0,6.0,33.0,77.0,2.0,0.0,16.0,1.0,0.0,31.0
20230911,468.0,7.0,11.0,81.0,0.0,0.0,47.0,0.0,2.0,66.0
20230813,174.0,14.0,27.0,61.0,6.0,0.0,8.0,1.0,0.0,21.0
20231020,322.0,6.0,29.0,66.0,4.0,0.0,5.0,1.0,2.0,18.0
20230402,202.0,5.0,11.0,79.0,6.0,0.0,31.0,1.0,0.0,33.0
20230129,459.0,16.0,9.0,64.0,6.0,0.0,30.0,0.0,2.0,60.0
20231116,438.0,16.0,14.0,56.0,3.0,0.0,36.0,1.0,1.0,49.0
20231225,411.0,11.0,31.0,68.0,0.0,0.0,26.0,0.0,2.0,46.0
20230217,125.0,17.0,15.0,31.0,4.0,0.0,21.0,2.0,1.0,19.0
20220316,409.0,6.0,31.0,82.0,2.0,0.0,28.0,0.0,3.0,46.0
20230516,484.0,11.0,33.0,82.0,1.0,0.0,31.0,0.0,3.0,53.0
20230828,250.0,14.0,13.0,32.0,0.0,0.0,40.0,0.0,0.0,51.0
20220425,262.0,18.0,28.0,45.0,0.0,0.0,16.0,1.0,1.0,30.0
20230222,490.0,12.0,17.0,32.0,2.0,0.0,46.0,1.0,0.0,66.0
20220331,307.0,6.0,34.0,59.0,3.0,0.0,31.0,0.0,2.0,49.0
20240917,337.0,15.0,31.0,54.0,1.0,0.0,19.0,1.0,0.0,32.0
20240721,376.0,13.0,14.0,43.0,6.0,0.0,24.0,1.0,2.0,40.0
20240524,325.0,18.0,33.0,89.0,4.0,0.0,12.0,2.0,1.0,40.0
20231023,262.0,6.0,26.0,52.0,0.0,0.0,32.0,1.0,3.0,38.0
20220112,187.0,13.0,18.0,30.0,2.0,0.0,42.0,2.0,2.0,48.0
20230201,213.0,5.0,26.0,36.0,2.0,0.0,41.0,0.0,3.0,36.0
20230730,341.0,9.0,9.0,44.0,6.0,0.0,36.0,2.0,2.0,47.0
20220212,419.0,15.0,11.0,58.0,5.0,0.0,15.0,1.0,0.0,35.0
20220617,259.0,16.0,31.0,73.0,4.0,0.0,20.0,1.0,0.0,36.0
20230221,415.0,15.0,14.0,43.0,1.0,0.0,35.0,1.0,2.0,47.0
20240825,212.0,6.0,18.0,65.0,6.0,0.0,7.0,0.0,2.0,23.0
20230303,470.0,12.0,24.0,63.0,4.0,0.0,19.0,0.0,1.0,39.0
20230629,103.0,12.0,31.0,34.0,3.0,0.0,28.0,1.0,0.0,29.0
20240806,400.0,6.0,32.0,89.0,1.0,0.0,23.0,0.0,1.0,43.0
20220131,444.0,5.0,28.0,83.0,0.0,0.0,16.0,1.0,2.0,37.0
20240623,225.0,5.0,34.0,35.0,6.0,0.0,37.0,2.0,2.0,35.0
20231024,314.0,9.0,10.0,63.0,1.0,0.0,27.0,0.0,3.0,46.0
20220915,300.0,8.0,26.0,35.0,3.0,0.0,34.0,0.0,1.0,42.0
20221202,132.0,14.0,14.0,85.0,4.0,0.0,28.0,2.0,2.0,28.0
20220116,251.0,13.0,10.0,89.0,6.0,0.0,7.0,1.0,1.0,24.0
20231110,382.0,16.0,12.0,60.0,4.0,0.0,13.0,1.0,2.0,38.0
20221121,260.0,17.0,18.0,86.0,0.0,0.0,15.0,2.0,3.0,30.0
20240328,204.0,8.0,31.0,37.0,3.0,0.0,27.0,0.0,0.0,30.0
20220811,212.0,12.0,17.0,64.0,3.0,0.0,29.0,1.0,2.0,40.0
20220629,127.0,9.0,20.0,65.0,2.0,0.0,38.0,1.0,1.0,34.0
20220410,140.0,14.0,26.0,84.0,6.0,0.0,47.0,1.0,2.0,59.0
20230606,317.0,6.0,33.0,35.0,1.0,0.0,36.0,1.0,1.0,46.0
20220123,485.0,19.0,19.0,34.0,6.0,0.0,43.0,1.0,2.0,59.0
20240716,192.0,7.0,19.0,67.0,1.0,0.0,22.0,1.0,3.0,32.0
20240128,323.0,16.0,15.0,54.0,6.0,0.0,14.0,1.0,2.0,36.0
20230308,387.0,7.0,10.0,48.0,2.0,0.0,33.0,0.0,3.0,43.0
20230819,493.0,10.0,14.0,50.0,5.0,0.0,39.0,1.0,3.0,58.0
20240617,439.0,15.0,21.0,40.0,0.0,0.0,41.0,1.0,2.0,64.0
20220723,406.0,5.0,21.0,56.0,5.0,0.0,17.0,2.0,2.0,28.0
20240131,255.0,6.0,10.0,83.0,2.0,0.0,5.0,1.0,1.0,23.0
20220404,152.0,14.0,9.0,82.0,0.0,0.0,8.0,1.0,1.0,30.0
20230826,195.0,9.0,16.0,59.0,5.0,0.0,30.0,1.0,1.0,38.0
20220310,487.0,12.0,21.0,34.0,3.0,0.0,45.0,2.0,1.0,53.0
20240811,220.0,16.0,19.0,42.0,6.0,0.0,17.0,2.0,3.0,27.0
20221012,211.0,18.0,15.0,80.0,2.0,0.0,33.0,0.0,2.0,35.0
20240515,306.0,15.0,29.0,42.0,2.0,0.0,13.0,0.0,2.0,32.0
20230311,150.0,6.0,25.0,37.0,5.0,0.0,11.0,2.0,2.0,23.0
20220603,451.0,16.0,24.0,70.0,4.0,1.0,19.0,1.0,2.0,40.0
20220317,290.0,8.0,27.0,49.0,3.0,0.0,37.0,0.0,1.0,48.0
20240228,470.0,6.0,13.0,40.0,2.0,0.0,29.0,0.0,2.0,53.0
20230804,363.0,6.0,22.0,76.0,4.0,0.0,36.0,1.0,0.0,44.0
20230323,269.0,17.0,30.0,76.0,3.0,0.0,39.0,1.0,2.0,50.0
20220708,289.0,14.0,29.0,83.0,4.0,0.0,14.0,1.0,2.0,40.0
20220929,227.0,6.0,16.0,89.0,3.0,0.0,31.0,0.0,0.0,36.0
20220825,152.0,13.0,13.0,86.0,3.0,0.0,25.0,1.0,1.0,27.0
20230503,228.0,18.0,25.0,53.0,2.0,0.0,34.0,0.0,3.0,34.0
20230714,278.0,13.0,20.0,70.0,4.0,0.0,16.0,1.0,3.0,32.0
20220428,360.0,8.0,12.0,89.0,3.0,0.0,44.0,1.0,0.0,52.0
20240530,434.0,13.0,12.0,88.0,3.0,0.0,10.0,2.0,2.0,42.0
20230528,284.0,6.0,23.0,70.0,6.0,0.0,18.0,0.0,3.0,35.0
20231006,198.0,5.0,21.0,71.0,4.0,0.0,39.0,2.0,2.0,37.0
20220507,147.0,9.0,23.0,58.0,5.0,0.0,21.0,0.0,0.0,27.0
20220427,478.0,19.0,13.0,58.0,2.0,0.0,10.0,1.0,3.0,50.0
20230419,244.0,12.0,34.0,38.0,2.0,0.0,12.0,1.0,1.0,28.0
20220202,158.0,7.0,22.0,82.0,2.0,0.0,24.0,1.0,3.0,34.0
20220227,152.0,18.0,29.0,61.0,6.0,0.0,28.0,1.0,2.0,42.0
20240907,485.0,15.0,17.0,76.0,5.0,0.0,43.0,1.0,3.0,67.0
20230105,198.0,15.0,23.0,89.0,3.0,0.0,19.0,1.0,1.0,36.0
20220216,120.0,13.0,16.0,87.0,2.0,0.0,18.0,1.0,1.0,21.0
20221216,325.0,19.0,19.0,47.0,4.0,0.0,9.0,2.0,1.0,28.0
20220715,332.0,18.0,25.0,68.0,4.0,0.0,12.0,2.0,1.0,34.0
20240618,168.0,14.0,28.0,85.0,1.0,0.0,11.0,2.0,1.0,23.0
20240116,332.0,8.0,10.0,51.0,1.0,0.0,10.0,1.0,0.0,30.0
20240612,487.0,7.0,13.0,67.0,2.0,0.0,39.0,1.0,1.0,53.0
20230320,441.0,8.0,18.0,54.0,0.0,0.0,42.0,0.0,1.0,58.0
20240303,109.0,17.0,11.0,40.0,6.0,1.0,5.0,1.0,2.0,27.0
20221101,260.0,12.0,13.0,77.0,1.0,0.0,33.0,1.0,2.0,36.0
20221208,257.0,5.0,31.0,66.0,3.0,0.0,36.0,2.0,0.0,34.0
20240725,416.0,9.0,28.0,42.0,3.0,0.0,47.0,0.0,2.0,59.0
20220530,141.0,5.0,25.0,61.0,0.0,0.0,21.0,2.0,2.0,34.0
20220505,367.0,12.0,33.0,84.0,3.0,0.0,14.0,0.0,3.0,33.0
20240426,171.0,9.0,20.0,88.0,4.0,0.0,8.0,1.0,2.0,22.0
20240604,434.0,10.0,20.0,41.0,1.0,0.0,6.0,1.0,2.0,41.0
20220220,487.0,9.0,33.0,79.0,6.0,0.0,42.0,2.0,2.0,51.0
20221220,383.0,14.0,9.0,31.0,1.0,0.0,6.0,2.0,0.0,35.0
20240925,291.0,13.0,28.0,55.0,2.0,0.0,21.0,2.0,3.0,38.0
20220523,497.0,19.0,25.0,43.0,0.0,1.0,19.0,2.0,2.0,54.0
20230416,205.0,15.0,30.0,85.0,6.0,0.0,15.0,1.0,0.0,27.0
20230204,250.0,8.0,32.0,36.0,5.0,0.0,5.0,1.0,0.0,24.0
20240718,160.0,6.0,19.0,86.0,3.0,0.0,25.0,1.0,0.0,30.0
20221117,409.0,14.0,31.0,70.0,3.0,0.0,15.0,2.0,1.0,43.0
20220120,357.0,13.0,10.0,81.0,3.0,0.0,26.0,1.0,3.0,45.0
20240626,339.0,7.0,18.0,72.0,2.0,0.0,19.0,1.0,3.0,33.0
20240430,261.0,16.0,31.0,41.0,1.0,0.0,42.0,1.0,2.0,48.0
20240613,237.0,8.0,26.0,62.0,3.0,0.0,22.0,2.0,3.0,31.0
20230212,345.0,17.0,30.0,81.0,6.0,0.0,5.0,1.0,0.0,33.0
20231125,231.0,14.0,31.0,82.0,5.0,0.0,26.0,1.0,2.0,46.0
20220208,150.0,14.0,21.0,52.0,1.0,0.0,18.0,0.0,3.0,24.0
20220625,144.0,18.0,22.0,69.0,5.0,0.0,10.0,2.0,2.0,28.0
20220903,222.0,10.0,23.0,80.0,5.0,0.0,36.0,0.0,2.0,45.0
20240611,384.0,13.0,20.0,74.0,1.0,0.0,16.0,1.0,3.0,30.0
20231223,290.0,19.0,12.0,65.0,5.0,1.0,13.0,0.0,3.0,46.0
20240801,445.0,10.0,21.0,78.0,3.0,0.0,34.0,0.0,3.0,53.0
20240713,451.0,16.0,17.0,67.0,5.0,0.0,10.0,1.0,2.0,35.0
20220604,330.0,6.0,29.0,32.0,5.0,0.0,49.0,1.0,2.0,54.0
20231001,438.0,12.0,30.0,30.0,6.0,0.0,46.0,1.0,0.0,50.0
20221015,101.0,10.0,26.0,72.0,5.0,0.0,5.0,0.0,2.0,16.0
20230918,286.0,15.0,9.0,53.0,0.0,0.0,21.0,2.0,0.0,34.0
20230724,496.0,6.0,15.0,66.0,0.0,0.0,42.0,2.0,1.0,62.0
20240312,473.0,18.0,27.0,38.0,1.0,0.0,10.0,2.0,3.0,38.0
20220508,161.0,11.0,32.0,57.0,6.0,0.0,9.0,1.0,2.0,17.0
20221119,307.0,10.0,17.0,32.0,5.0,0.0,13.0,0.0,0.0,33.0
20220913,243.0,19.0,15.0,61.0,1.0,0.0,39.0,2.0,0.0,47.0
20240301,296.0,15.0,15.0,56.0,4.0,0.0,38.0,1.0,3.0,47.0
20220710,484.0,6.0,23.0,60.0,6.0,0.0,25.0,0.0,3.0,47.0
20220426,388.0,15.0,28.0,46.0,1.0,0.0,28.0,2.0,0.0,43.0
20230830,323.0,5.0,16.0,48.0,2.0,0.0,22.0,1.0,3.0,42.0
20220630,207.0,7.0,15.0,62.0,3.0,0.0,45.0,1.0,3.0,46.0
20221029,251.0,13.0,26.0,74.0,5.0,0.0,32.0,1.0,2.0,45.0
20240409,264.0,6.0,29.0,58.0,1.0,0.0,36.0,0.0,3.0,44.0
20240619,133.0,7.0,17.0,34.0,2.0,0.0,8.0,2.0,1.0,20.0
20240220,319.0,17.0,13.0,58.0,1.0,0.0,19.0,1.0,1.0,29.0
20240110,328.0,15.0,19.0,85.0,2.0,1.0,15.0,2.0,1.0,42.0
20230602,193.0,8.0,18.0,70.0,4.0,0.0,8.0,1.0,0.0,31.0
20230108,136.0,5.0,27.0,35.0,6.0,0.0,40.0,0.0,2.0,31.0
20220215,234.0,9.0,30.0,31.0,1.0,0.0,17.0,0.0,0.0,35.0
20240904,127.0,16.0,19.0,45.0,2.0,0.0,36.0,2.0,0.0,36.0
20240313,164.0,5.0,34.0,42.0,2.0,0.0,31.0,2.0,0.0,30.0
20220621,185.0,13.0,10.0,79.0,1.0,0.0,30.0,1.0,2.0,42.0
20230527,185.0,16.0,26.0,33.0,5.0,0.0,11.0,1.0,3.0,23.0
20220218,266.0,9.0,13.0,72.0,4.0,0.0,39.0,1.0,2.0,39.0
20220711,476.0,12.0,22.0,38.0,0.0,0.0,25.0,2.0,2.0,45.0
20240624,334.0,12.0,29.0,63.0,0.0,0.0,42.0,1.0,1.0,50.0
20230531,168.0,19.0,15.0,35.0,2.0,0.0,18.0,1.0,3.0,35.0
20240111,263.0,11.0,23.0,53.0,3.0,0.0,43.0,1.0,2.0,44.0
20230426,328.0,5.0,29.0,86.0,2.0,1.0,44.0,0.0,1.0,57.0
20240214,140.0,17.0,22.0,75.0,2.0,0.0,42.0,0.0,0.0,45.0
20231208,225.0,11.0,23.0,55.0,4.0,0.0,46.0,1.0,2.0,44.0
20220127,413.0,6.0,14.0,84.0,3.0,0.0,38.0,1.0,0.0,51.0
20230314,162.0,5.0,29.0,54.0,1.0,1.0,33.0,1.0,2.0,52.0
20220123,485.0,19.0,19.0,34.0,6.0,0.0,43.0,1.0,2.0,59.0
20221231,319.0,15.0,14.0,79.0,5.0,0.0,33.0,1.0,3.0,53.0
20220818,153.0,8.0,15.0,53.0,3.0,0.0,40.0,0.0,0.0,36.0
20220207,274.0,8.0,26.0,43.0,0.0,0.0,39.0,1.0,0.0,49.0
20231101,173.0,15.0,13.0,44.0,2.0,0.0,25.0,2.0,0.0,39.0
20220204,287.0,13.0,11.0,40.0,4.0,0.0,9.0,0.0,0.0,22.0
20230110,448.0,15.0,34.0,32.0,1.0,0.0,24.0,2.0,1.0,40.0
20230415,223.0,11.0,20.0,63.0,5.0,0.0,15.0,1.0,3.0,24.0
20220205,370.0,9.0,31.0,53.0,5.0,0.0,40.0,1.0,1.0,53.0
20231119,420.0,16.0,26.0,89.0,6.0,0.0,36.0,2.0,0.0,51.0
20240129,371.0,16.0,13.0,75.0,0.0,0.0,45.0,0.0,3.0,56.0
20240709,487.0,13.0,23.0,42.0,1.0,0.0,40.0,1.0,3.0,54.0
20240719,221.0,16.0,12.0,62.0,4.0,0.0,40.0,1.0,3.0,35.0
20230519,291.0,5.0,29.0,77.0,4.0,0.0,40.0,2.0,2.0,48.0
20220206,289.0,10.0,35.0,52.0,6.0,0.0,35.0,0.0,1.0,44.0
20230803,189.0,10.0,23.0,63.0,3.0,0.0,38.0,1.0,2.0,39.0
20220610,330.0,6.0,24.0,82.0,4.0,0.0,24.0,2.0,2.0,41.0
20231112,293.0,7.0,12.0,68.0,6.0,0.0,14.0,1.0,2.0,21.0
20220612,242.0,7.0,21.0,45.0,6.0,0.0,5.0,1.0,3.0,27.0
20231207,138.0,5.0,16.0,63.0,3.0,0.0,35.0,2.0,1.0,29.0
20240127,429.0,7.0,29.0,68.0,5.0,0.0,31.0,1.0,2.0,47.0
20240311,388.0,17.0,14.0,33.0,0.0,0.0,14.0,1.0,0.0,29.0
20240125,243.0,19.0,19.0,48.0,3.0,0.0,37.0,1.0,2.0,47.0
20240325,382.0,13.0,33.0,84.0,0.0,0.0,32.0,2.0,1.0,52.0
20220422,238.0,18.0,28.0,44.0,4.0,0.0,11.0,0.0,3.0,33.0
20240602,348.0,7.0,34.0,88.0,6.0,0.0,19.0,1.0,0.0,43.0
20220414,164.0,8.0,34.0,39.0,3.0,0.0,5.0,1.0,1.0,13.0
20230224,135.0,18.0,15.0,54.0,4.0,0.0,41.0,2.0,0.0,40.0
20240319,440.0,12.0,34.0,56.0,1.0,0.0,22.0,0.0,2.0,43.0
20230810,295.0,16.0,20.0,48.0,3.0,0.0,38.0,2.0,2.0,48.0
20220112,187.0,13.0,17.0,30.0,2.0,0.0,42.0,2.0,2.0,48.0
20220430,140.0,15.0,10.0,54.0,5.0,0.0,12.0,1.0,2.0,27.0
20220223,113.0,11.0,23.0,88.0,2.0,0.0,8.0,1.0,2.0,20.0
20220601,278.0,18.0,26.0,64.0,2.0,0.0,13.0,1.0,3.0,40.0
20230208,372.0,10.0,17.0,38.0,2.0,0.0,33.0,0.0,1.0,54.0
20220727,414.0,19.0,20.0,78.0,2.0,0.0,33.0,2.0,0.0,52.0
20231021,221.0,13.0,15.0,80.0,5.0,0.0,41.0,0.0,1.0,45.0
20240905,177.0,5.0,34.0,89.0,3.0,1.0,5.0,1.0,1.0,21.0
20240519,165.0,19.0,13.0,74.0,6.0,0.0,9.0,0.0,1.0,34.0
20220206,289.0,10.0,34.0,52.0,6.0,0.0,35.0,0.0,1.0,44.0
20230329,152.0,7.0,27.0,50.0,2.0,0.0,45.0,1.0,3.0,42.0
20231014,138.0,15.0,30.0,43.0,5.0,0.0,24.0,1.0,2.0,28.0
20220911,494.0,10.0,34.0,43.0,6.0,0.0,7.0,1.0,0.0,42.0
20221031,219.0,19.0,18.0,49.0,0.0,0.0,7.0,0.0,3.0,31.0
20240629,348.0,12.0,28.0,57.0,5.0,0.0,7.0,1.0,2.0,29.0
20230726,194.0,9.0,14.0,33.0,2.0,0.0,37.0,1.0,3.0,42.0
20230916,441.0,17.0,30.0,89.0,5.0,0.0,7.0,1.0,0.0,41.0
20240204,447.0,12.0,9.0,37.0,6.0,0.0,7.0,1.0,2.0,37.0
20220920,358.0,19.0,24.0,48.0,1.0,0.0,48.0,1.0,1.0,58.0
20230219,405.0,11.0,21.0,80.0,6.0,0.0,6.0,1.0,2.0,40.0
20220531,479.0,9.0,22.0,82.0,1.0,0.0,18.0,2.0,3.0,42.0
20240428,253.0,9.0,16.0,44.0,6.0,0.0,35.0,0.0,1.0,46.0
20231003,243.0,10.0,10.0,79.0,1.0,0.0,17.0,2.0,1.0,20.0
20240814,155.0,5.0,17.0,33.0,2.0,0.0,35.0,0.0,1.0,38.0
20230705,483.0,7.0,19.0,50.0,2.0,0.0,35.0,0.0,2.0,52.0
20240501,217.0,10.0,11.0,31.0,2.0,0.0,38.0,0.0,3.0,36.0
20230504,157.0,12.0,22.0,81.0,3.0,0.0,33.0,1.0,2.0,43.0
20231212,319.0,12.0,12.0,55.0,1.0,0.0,29.0,1.0,2.0,35.0
20220528,114.0,18.0,25.0,47.0,5.0,0.0,40.0,1.0,1.0,49.0
20220527,306.0,7.0,33.0,79.0,4.0,0.0,19.0,2.0,3.0,36.0
20240217,244.0,17.0,10.0,61.0,5.0,0.0,29.0,1.0,2.0,33.0
20220103,370.0,14.0,30.0,64.0,0.0,0.0,41.0,0.0,3.0,61.0
20240503,478.0,12.0,24.0,41.0,4.0,0.0,10.0,1.0,3.0,44.0
20240808,381.0,9.0,22.0,62.0,3.0,0.0,44.0,0.0,1.0,61.0
20231022,232.0,14.0,34.0,77.0,6.0,0.0,49.0,1.0,1.0,44.0
20230409,454.0,12.0,12.0,55.0,6.0,0.0,46.0,0.0,0.0,58.0
20221122,167.0,18.0,25.0,60.0,1.0,0.0,8.0,1.0,2.0,19.0
20220706,447.0,13.0,25.0,68.0,2.0,0.0,27.0,0.0,1.0,48.0
20220504,427.0,6.0,29.0,66.0,2.0,0.0,36.0,1.0,0.0,48.0
20240708,459.0,15.0,28.0,66.0,0.0,0.0,26.0,1.0,0.0,54.0
20230901,367.0,9.0,30.0,51.0,4.0,0.0,17.0,2.0,0.0,34.0
20220524,458.0,12.0,25.0,53.0,1.0,0.0,26.0,1.0,2.0,51.0
20240122,153.0,11.0,21.0,82.0,0.0,0.0,17.0,1.0,2.0,23.0
20220130,335.0,12.0,14.0,33.0,6.0,0.0,30.0,1.0,2.0,40.0
20220717,458.0,17.0,29.0,61.0,6.0,0.0,5.0,1.0,0.0,35.0
20221021,259.0,18.0,31.0,62.0,4.0,0.0,28.0,1.0,1.0,45.0
20240615,429.0,5.0,12.0,38.0,5.0,0.0,43.0,0.0,2.0,55.0
20230205,226.0,13.0,29.0,80.0,6.0,1.0,38.0,1.0,2.0,56.0
20220503,300.0,10.0,18.0,32.0,1.0,0.0,32.0,1.0,2.0,39.0
20220703,385.0,14.0,34.0,49.0,6.0,0.0,24.0,1.0,2.0,44.0
20220722,324.0,19.0,19.0,61.0,4.0,0.0,40.0,1.0,2.0,48.0
20230315,289.0,6.0,16.0,39.0,2.0,1.0,22.0,0.0,2.0,55.0
20220904,354.0,6.0,29.0,61.0,6.0,0.0,37.0,2.0,2.0,51.0
20240416,100.0,19.0,21.0,78.0,1.0,0.0,13.0,0.0,3.0,25.0
20240404,232.0,18.0,27.0,72.0,3.0,0.0,11.0,1.0,2.0,28.0
20240901,155.0,12.0,10.0,77.0,6.0,0.0,38.0,0.0,1.0,38.0
20240812,313.0,9.0,28.0,69.0,0.0,0.0,28.0,0.0,3.0,41.0
20220510,392.0,16.0,30.0,67.0,1.0,0.0,16.0,1.0,1.0,37.0
20230930,151.0,19.0,26.0,42.0,5.0,0.0,42.0,1.0,3.0,51.0
20230207,485.0,8.0,16.0,58.0,1.0,0.0,10.0,0.0,1.0,35.0
20240424,447.0,15.0,34.0,86.0,2.0,0.0,14.0,1.0,0.0,44.0
20240410,301.0,18.0,10.0,37.0,2.0,0.0,43.0,2.0,3.0,52.0
20240908,464.0,13.0,32.0,55.0,6.0,0.0,20.0,2.0,2.0,39.0
20231004,472.0,9.0,22.0,73.0,2.0,0.0,19.0,2.0,1.0,40.0
20240910,113.0,15.0,28.0,77.0,1.0,1.0,38.0,1.0,2.0,53.0
20240321,162.0,19.0,27.0,48.0,3.0,0.0,41.0,2.0,3.0,42.0
20240517,440.0,8.0,22.0,88.0,4.0,0.0,28.0,1.0,1.0,49.0
20240915,102.0,8.0,16.0,32.0,6.0,0.0,37.0,0.0,2.0,27.0
20230917,496.0,9.0,22.0,61.0,6.0,0.0,15.0,1.0,2.0,41.0
20240622,304.0,18.0,18.0,57.0,5.0,0.0,17.0,1.0,1.0,36.0
20240330,484.0,5.0,19.0,66.0,5.0,0.0,7.0,2.0,2.0,41.0
20230122,227.0,5.0,12.0,73.0,6.0,0.0,32.0,1.0,0.0,34.0
20220208,150.0,14.0,21.0,52.0,1.0,0.0,18.0,0.0,3.0,24.0
20240317,276.0,16.0,15.0,75.0,6.0,0.0,9.0,1.0,3.0,27.0
20230525,253.0,8.0,23.0,74.0,3.0,0.0,36.0,1.0,2.0,51.0
20220925,247.0,19.0,9.0,52.0,6.0,1.0,12.0,0.0,0.0,42.0
20240531,446.0,5.0,27.0,36.0,4.0,0.0,37.0,1.0,0.0,46.0
20230318,413.0,7.0,20.0,73.0,5.0,0.0,46.0,0.0,2.0,59.0
20230512,147.0,18.0,15.0,63.0,4.0,0.0,41.0,1.0,2.0,34.0
20220423,180.0,10.0,33.0,77.0,5.0,0.0,13.0,2.0,2.0,26.0
20231123,316.0,17.0,26.0,80.0,3.0,0.0,32.0,0.0,0.0,45.0
20220821,324.0,15.0,21.0,39.0,6.0,0.0,28.0,1.0,2.0,50.0
20240724,269.0,13.0,18.0,74.0,2.0,0.0,29.0,0.0,1.0,38.0
20231103,329.0,14.0,12.0,83.0,4.0,0.0,34.0,0.0,3.0,53.0
20230109,379.0,15.0,9.0,30.0,0.0,0.0,22.0,0.0,0.0,45.0
20231026,334.0,13.0,16.0,32.0,3.0,0.0,47.0,1.0,0.0,44.0
20240627,470.0,10.0,31.0,52.0,3.0,0.0,43.0,1.0,0.0,55.0
20220822,484.0,8.0,18.0,68.0,0.0,0.0,25.0,0.0,3.0,48.0
20240425,194.0,14.0,19.0,81.0,3.0,0.0,43.0,1.0,3.0,41.0
20231108,269.0,6.0,13.0,87.0,2.0,0.0,40.0,0.0,1.0,34.0
20221114,465.0,5.0,32.0,74.0,0.0,1.0,31.0,1.0,2.0,55.0
20231011,250.0,7.0,18.0,81.0,2.0,0.0,26.0,0.0,2.0,33.0
20240823,356.0,12.0,13.0,42.0,4.0,0.0,29.0,0.0,3.0,38.0
20231211,341.0,10.0,27.0,38.0,0.0,0.0,35.0,2.0,0.0,47.0
20221225,103.0,13.0,33.0,85.0,6.0,0.0,33.0,0.0,0.0,40.0
20220916,223.0,17.0,15.0,42.0,4.0,0.0,31.0,0.0,2.0,42.0
20240115,146.0,18.0,30.0,33.0,0.0,0.0,20.0,1.0,1.0,32.0
20230920,276.0,15.0,15.0,36.0,2.0,0.0,48.0,0.0,1.0,51.0
20230925,364.0,12.0,34.0,61.0,0.0,0.0,20.0,1.0,2.0,48.0
20221010,243.0,8.0,28.0,40.0,0.0,0.0,37.0,1.0,2.0,43.0
20230112,280.0,15.0,23.0,67.0,3.0,0.0,31.0,1.0,3.0,43.0
20230120,355.0,9.0,32.0,36.0,4.0,0.0,5.0,1.0,2.0,30.0
20220127,413.0,6.0,14.0,84.0,3.0,0.0,38.0,1.0,0.0,51.0
20240526,405.0,15.0,14.0,86.0,6.0,0.0,37.0,0.0,2.0,65.0
20230418,246.0,17.0,17.0,70.0,1.0,0.0,7.0,1.0,2.0,22.0
20230521,377.0,9.0,24.0,32.0,6.0,0.0,46.0,1.0,1.0,49.0
20231002,466.0,10.0,12.0,30.0,0.0,0.0,37.0,2.0,0.0,46.0
20220215,234.0,9.0,30.0,31.0,1.0,0.0,17.0,0.0,0.0,35.0
20240308,464.0,11.0,14.0,81.0,4.0,0.0,32.0,0.0,1.0,47.0
20240926,218.0,7.0,14.0,60.0,3.0,0.0,14.0,1.0,2.0,16.0
20240831,226.0,10.0,12.0,46.0,5.0,0.0,45.0,1.0,3.0,48.0
20230912,161.0,9.0,16.0,58.0,1.0,0.0,11.0,2.0,1.0,19.0
20240810,146.0,17.0,10.0,72.0,5.0,0.0,28.0,1.0,1.0,35.0
20240514,402.0,8.0,30.0,34.0,1.0,0.0,36.0,0.0,2.0,40.0
20231008,124.0,8.0,34.0,87.0,6.0,0.0,43.0,1.0,0.0,43.0
20240701,282.0,19.0,10.0,65.0,0.0,0.0,7.0,0.0,2.0,29.0
20230711,262.0,17.0,28.0,69.0,1.0,0.0,38.0,2.0,0.0,48.0
20231113,104.0,18.0,19.0,35.0,0.0,0.0,16.0,1.0,2.0,25.0
20220327,351.0,10.0,10.0,64.0,6.0,0.0,21.0,0.0,0.0,39.0
20220831,423.0,5.0,19.0,77.0,2.0,0.0,35.0,1.0,1.0,42.0
20231130,463.0,16.0,34.0,43.0,3.0,0.0,28.0,1.0,1.0,48.0
20240729,232.0,12.0,14.0,49.0,0.0,0.0,32.0,1.0,2.0,36.0
20220609,321.0,13.0,28.0,73.0,3.0,0.0,26.0,2.0,1.0,43.0
20230609,199.0,11.0,24.0,84.0,4.0,0.0,10.0,1.0,2.0,29.0
20220205,370.0,9.0,31.0,53.0,5.0,0.0,40.0,1.0,1.0,53.0
20230625,246.0,12.0,29.0,43.0,6.0,0.0,22.0,2.0,2.0,37.0
20220620,342.0,15.0,14.0,73.0,0.0,0.0,15.0,1.0,2.0,40.0
20231017,141.0,15.0,12.0,87.0,1.0,0.0,10.0,0.0,1.0,21.0
20240828,279.0,17.0,26.0,83.0,2.0,0.0,28.0,2.0,1.0,41.0
20240702,435.0,13.0,13.0,61.0,1.0,1.0,19.0,2.0,2.0,52.0
20220116,251.0,13.0,10.0,89.0,6.0,0.0,7.0,1.0,1.0,24.0
20240104,248.0,9.0,26.0,51.0,3.0,0.0,21.0,1.0,2.0,39.0
20220406,316.0,17.0,16.0,87.0,2.0,0.0,7.0,1.0,2.0,22.0
20230718,164.0,18.0,16.0,47.0,1.0,1.0,26.0,2.0,2.0,38.0
20220829,297.0,15.0,16.0,30.0,0.0,0.0,40.0,2.0,1.0,56.0
20240113,246.0,6.0,31.0,61.0,5.0,0.0,16.0,2.0,1.0,30.0
20240513,354.0,8.0,19.0,70.0,0.0,0.0,16.0,1.0,1.0,29.0
20230729,352.0,6.0,28.0,89.0,5.0,0.0,15.0,1.0,2.0,33.0
20231122,426.0,5.0,34.0,54.0,2.0,0.0,27.0,1.0,2.0,48.0
20230406,471.0,6.0,9.0,64.0,3.0,1.0,44.0,2.0,1.0,64.0
20230708,251.0,13.0,14.0,68.0,5.0,0.0,7.0,1.0,3.0,22.0
20240507,335.0,15.0,9.0,82.0,1.0,0.0,38.0,0.0,2.0,52.0
20220726,251.0,5.0,29.0,84.0,1.0,0.0,21.0,0.0,3.0,33.0
20230128,422.0,14.0,25.0,67.0,5.0,0.0,19.0,1.0,2.0,41.0
20230202,387.0,11.0,14.0,82.0,3.0,0.0,44.0,0.0,3.0,52.0
20240206,189.0,11.0,20.0,89.0,1.0,1.0,27.0,0.0,0.0,46.0
20220105,171.0,13.0,32.0,78.0,2.0,0.0,34.0,1.0,0.0,33.0
20240208,285.0,16.0,22.0,43.0,3.0,0.0,44.0,1.0,1.0,48.0
20231005,168.0,12.0,19.0,51.0,3.0,0.0,5.0,2.0,0.0,25.0
20230905,378.0,18.0,33.0,85.0,1.0,0.0,47.0,0.0,2.0,64.0
20240109,351.0,6.0,27.0,47.0,1.0,0.0,29.0,2.0,0.0,53.0
20230701,379.0,18.0,31.0,52.0,5.0,0.0,23.0,1.0,2.0,37.0
20231227,233.0,11.0,14.0,47.0,2.0,0.0,28.0,1.0,2.0,39.0
20231115,264.0,6.0,19.0,33.0,2.0,0.0,38.0,0.0,1.0,40.0
20220409,479.0,10.0,14.0,34.0,5.0,0.0,10.0,0.0,3.0,32.0
20240315,323.0,18.0,28.0,39.0,4.0,1.0,6.0,1.0,3.0,50.0
20231229,143.0,9.0,30.0,57.0,4.0,0.0,13.0,1.0,1.0,16.0
20230728,485.0,10.0,31.0,64.0,4.0,1.0,37.0,1.0,2.0,66.0
20230211,398.0,19.0,26.0,42.0,5.0,0.0,11.0,1.0,3.0,39.0
20230518,288.0,11.0,14.0,68.0,3.0,0.0,26.0,2.0,1.0,48.0
20220217,428.0,5.0,10.0,37.0,3.0,0.0,17.0,1.0,0.0,25.0
20220202,158.0,7.0,21.0,82.0,2.0,0.0,24.0,1.0,3.0,34.0
20240219,311.0,5.0,25.0,67.0,0.0,0.0,24.0,1.0,2.0,45.0
20240419,304.0,5.0,11.0,48.0,4.0,0.0,32.0,0.0,2.0,41.0
20220720,417.0,11.0,17.0,79.0,2.0,1.0,41.0,1.0,2.0,64.0
20220515,134.0,8.0,27.0,62.0,6.0,0.0,11.0,1.0,2.0,18.0
20220128,121.0,19.0,29.0,43.0,4.0,0.0,34.0,0.0,0.0,34.0
20240804,177.0,9.0,25.0,60.0,6.0,0.0,44.0,1.0,2.0,51.0
20220819,442.0,18.0,15.0,61.0,4.0,0.0,42.0,1.0,2.0,62.0
20230505,221.0,18.0,13.0,58.0,4.0,0.0,33.0,1.0,2.0,39.0
20240212,319.0,5.0,27.0,52.0,0.0,0.0,16.0,1.0,2.0,33.0
20230114,198.0,10.0,31.0,30.0,5.0,0.0,42.0,1.0,2.0,43.0
20221016,484.0,10.0,34.0,40.0,6.0,1.0,13.0,1.0,2.0,53.0
20231106,240.0,7.0,23.0,39.0,0.0,0.0,10.0,1.0,0.0,19.0
20230127,157.0,10.0,10.0,62.0,4.0,0.0,16.0,1.0,0.0,24.0
20230816,376.0,15.0,18.0,68.0,2.0,0.0,35.0,0.0,2.0,47.0
20230514,336.0,11.0,30.0,73.0,6.0,0.0,33.0,1.0,2.0,45.0
20220519,356.0,13.0,9.0,80.0,3.0,0.0,44.0,1.0,2.0,50.0
20220304,363.0,11.0,10.0,34.0,4.0,0.0,11.0,2.0,2.0,37.0
20230417,257.0,19.0,10.0,80.0,0.0,0.0,18.0,2.0,1.0,28.0
20220509,315.0,14.0,12.0,58.0,0.0,0.0,10.0,0.0,2.0,31.0
20220210,154.0,15.0,24.0,54.0,3.0,0.0,40.0,1.0,3.0,30.0
20230605,499.0,19.0,15.0,62.0,0.0,0.0,15.0,1.0,2.0,47.0
20220201,148.0,16.0,27.0,69.0,1.0,0.0,41.0,0.0,2.0,53.0
20220306,305.0,11.0,32.0,32.0,6.0,0.0,29.0,0.0,2.0,38.0
20240323,441.0,14.0,24.0,60.0,5.0,0.0,48.0,1.0,2.0,58.0
20220606,151.0,9.0,11.0,85.0,0.0,0.0,22.0,1.0,2.0,35.0
20220210,154.0,15.0,24.0,54.0,3.0,0.0,40.0,1.0,3.0,30.0
20230508,389.0,8.0,15.0,76.0,0.0,0.0,48.0,2.0,0.0,43.0
20230115,287.0,12.0,29.0,86.0,6.0,0.0,12.0,1.0,3.0,34.0
20240203,221.0,15.0,14.0,46.0,5.0,0.0,31.0,2.0,0.0,43.0
20220805,367.0,7.0,20.0,62.0,4.0,0.0,44.0,0.0,1.0,52.0
20240710,283.0,12.0,23.0,86.0,2.0,1.0,38.0,0.0,0.0,59.0
20240302,402.0,11.0,19.0,39.0,5.0,0.0,25.0,1.0,2.0,40.0
20220222,415.0,10.0,31.0,80.0,1.0,0.0,26.0,0.0,0.0,50.0
20240528,437.0,13.0,28.0,30.0,1.0,0.0,31.0,1.0,3.0,49.0
20221204,470.0,8.0,28.0,73.0,6.0,1.0,24.0,2.0,0.0,66.0
20240119,242.0,6.0,26.0,42.0,4.0,1.0,37.0,2.0,2.0,54.0
20231221,447.0,17.0,12.0,45.0,3.0,0.0,39.0,1.0,2.0,47.0
20231226,216.0,5.0,20.0,51.0,1.0,0.0,22.0,0.0,3.0,34.0
20221023,332.0,16.0,12.0,64.0,6.0,1.0,13.0,1.0,0.0,48.0
20231203,190.0,7.0,14.0,70.0,6.0,0.0,36.0,2.0,2.0,31.0
20220909,197.0,5.0,23.0,40.0,4.0,0.0,35.0,1.0,1.0,36.0
20231228,157.0,14.0,23.0,82.0,3.0,0.0,23.0,0.0,2.0,30.0
20230407,449.0,11.0,18.0,84.0,4.0,0.0,40.0,2.0,3.0,55.0
20230401,104.0,16.0,14.0,85.0,5.0,0.0,8.0,1.0,3.0,23.0
20220928,407.0,17.0,24.0,56.0,2.0,0.0,14.0,1.0,0.0,41.0
20240326,276.0,19.0,29.0,30.0,1.0,0.0,35.0,2.0,2.0,43.0
20240512,211.0,11.0,32.0,50.0,6.0,0.0,18.0,1.0,0.0,29.0
20220927,298.0,16.0,34.0,58.0,1.0,0.0,32.0,0.0,2.0,47.0
20220124,291.0,8.0,14.0,75.0,0.0,1.0,31.0,1.0,1.0,53.0
20220721,264.0,19.0,18.0,71.0,3.0,0.0,42.0,2.0,3.0,52.0
20220611,336.0,16.0,26.0,70.0,5.0,0.0,49.0,1.0,2.0,62.0
20230710,277.0,6.0,22.0,64.0,0.0,0.0,34.0,1.0,2.0,44.0
20231231,259.0,14.0,32.0,79.0,6.0,0.0,8.0,2.0,2.0,25.0
20230206,254.0,5.0,23.0,44.0,0.0,0.0,14.0,1.0,0.0,22.0
20231204,301.0,12.0,11.0,43.0,0.0,0.0,46.0,2.0,0.0,53.0
20230422,374.0,19.0,12.0,40.0,5.0,0.0,8.0,2.0,2.0,31.0
20240211,127.0,12.0,15.0,38.0,6.0,0.0,36.0,1.0,3.0,31.0
20230720,429.0,14.0,27.0,39.0,3.0,0.0,9.0,1.0,1.0,36.0
20230125,322.0,19.0,23.0,31.0,2.0,0.0,18.0,1.0,3.0,32.0
20220102,448.0,16.0,10.0,56.0,6.0,0.0,29.0,1.0,1.0,53.0
20220213,230.0,17.0,30.0,31.0,6.0,0.0,29.0,1.0,3.0,36.0
20230716,367.0,10.0,11.0,79.0,6.0,1.0,21.0,1.0,1.0,46.0
20240720,150.0,14.0,9.0,86.0,5.0,1.0,23.0,1.0,3.0,47.0
20220322,369.0,10.0,15.0,80.0,1.0,0.0,48.0,1.0,2.0,52.0
20220725,271.0,5.0,15.0,53.0,0.0,0.0,29.0,0.0,1.0,32.0
20220204,287.0,13.0,11.0,40.0,4.0,0.0,9.0,0.0,0.0,22.0
20240731,111.0,19.0,23.0,35.0,2.0,0.0,20.0,1.0,1.0,22.0
20240215,327.0,10.0,24.0,31.0,3.0,0.0,13.0,2.0,2.0,33.0
20230524,175.0,7.0,19.0,37.0,2.0,0.0,26.0,2.0,2.0,33.0
20230304,242.0,7.0,26.0,68.0,5.0,0.0,7.0,1.0,1.0,20.0
20230331,207.0,6.0,21.0,34.0,4.0,1.0,41.0,1.0,3.0,56.0
20220207,274.0,8.0,26.0,43.0,0.0,0.0,39.0,1.0,0.0,49.0
20230102,145.0,6.0,23.0,73.0,0.0,0.0,32.0,0.0,2.0,36.0
20220402,437.0,15.0,21.0,61.0,5.0,1.0,41.0,1.0,1.0,79.0
20221206,121.0,11.0,23.0,57.0,1.0,0.0,46.0,0.0,2.0,44.0
20240616,372.0,17.0,31.0,65.0,6.0,0.0,38.0,1.0,2.0,49.0
20221212,150.0,7.0,13.0,89.0,0.0,0.0,45.0,0.0,0.0,39.0
20240216,291.0,13.0,25.0,46.0,4.0,1.0,46.0,1.0,3.0,55.0
20220830,346.0,11.0,18.0,53.0,1.0,1.0,39.0,1.0,3.0,62.0
20221112,448.0,19.0,33.0,57.0,5.0,0.0,37.0,1.0,2.0,63.0
20230824,198.0,17.0,26.0,71.0,3.0,0.0,41.0,2.0,0.0,37.0
20230123,117.0,5.0,30.0,46.0,0.0,0.0,22.0,2.0,2.0,37.0
20221001,437.0,19.0,18.0,35.0,5.0,0.0,19.0,2.0,2.0,50.0
20220616,112.0,10.0,28.0,87.0,3.0,0.0,32.0,2.0,0.0,34.0
20240420,359.0,13.0,10.0,78.0,5.0,0.0,19.0,1.0,2.0,32.0
20220121,443.0,17.0,20.0,42.0,4.0,0.0,19.0,1.0,0.0,39.0
20231009,478.0,19.0,33.0,88.0,0.0,0.0,10.0,1.0,3.0,44.0
20240329,198.0,9.0,15.0,77.0,4.0,0.0,24.0,2.0,1.0,41.0
20230430,226.0,6.0,16.0,89.0,6.0,0.0,49.0,2.0,2.0,46.0
20220212,419.0,15.0,11.0,58.0,5.0,0.0,15.0,1.0,0.0,35.0
20230520,168.0,11.0,24.0,75.0,5.0,0.0,49.0,1.0,2.0,46.0
20240411,182.0,9.0,11.0,87.0,3.0,0.0,23.0,2.0,1.0,30.0
20220901,302.0,18.0,25.0,65.0,3.0,1.0,12.0,2.0,2.0,49.0
20230721,142.0,14.0,25.0,83.0,4.0,0.0,29.0,1.0,2.0,35.0
20240525,393.0,14.0,34.0,49.0,5.0,0.0,36.0,0.0,1.0,50.0
20230717,422.0,15.0,29.0,66.0,0.0,0.0,30.0,1.0,3.0,45.0
20220126,260.0,10.0,30.0,75.0,2.0,0.0,21.0,0.0,3.0,29.0
20231118,464.0,9.0,33.0,67.0,5.0,0.0,10.0,0.0,0.0,44.0
20240815,449.0,6.0,29.0,84.0,3.0,0.0,18.0,1.0,3.0,37.0
20220709,324.0,13.0,22.0,65.0,5.0,0.0,47.0,0.0,2.0,60.0
20240902,313.0,7.0,30.0,53.0,0.0,0.0,28.0,2.0,2.0,34.0
20231201,281.0,18.0,28.0,87.0,4.0,1.0,38.0,0.0,1.0,56.0
20230526,243.0,17.0,25.0,88.0,4.0,0.0,46.0,2.0,2.0,54.0
20230420,219.0,10.0,21.0,45.0,3.0,0.0,5.0,1.0,2.0,28.0
20240506,153.0,12.0,29.0,55.0,0.0,0.0,28.0,1.0,1.0,38.0
20240118,113.0,7.0,28.0,42.0,3.0,0.0,31.0,1.0,2.0,32.0
20220910,297.0,10.0,10.0,88.0,5.0,1.0,12.0,2.0,2.0,44.0
20220122,393.0,6.0,31.0,51.0,5.0,0.0,27.0,1.0,3.0,40.0
20230405,464.0,16.0,34.0,81.0,2.0,0.0,46.0,1.0,0.0,58.0
20221004,366.0,8.0,13.0,31.0,1.0,0.0,33.0,1.0,3.0,42.0
20240813,338.0,17.0,30.0,79.0,1.0,0.0,43.0,1.0,2.0,48.0
20240316,338.0,9.0,33.0,37.0,5.0,0.0,22.0,2.0,2.0,34.0
20221210,329.0,10.0,30.0,78.0,5.0,0.0,19.0,1.0,0.0,43.0
20240209,415.0,11.0,28.0,75.0,4.0,0.0,8.0,1.0,2.0,41.0
20220511,198.0,6.0,18.0,58.0,2.0,0.0,18.0,2.0,1.0,25.0
20240521,202.0,9.0,14.0,76.0,1.0,0.0,41.0,1.0,2.0,42.0
20220329,395.0,18.0,17.0,45.0,1.0,0.0,40.0,1.0,1.0,50.0
20221127,483.0,11.0,24.0,59.0,6.0,0.0,36.0,1.0,0.0,43.0
20230412,243.0,11.0,28.0,70.0,2.0,0.0,19.0,1.0,2.0,29.0
20220214,406.0,10.0,19.0,55.0,0.0,0.0,28.0,2.0,2.0,44.0
20240510,350.0,6.0,23.0,51.0,4.0,0.0,46.0,1.0,3.0,57.0
